date,text,label
2017년 6월 30일,오 챗봇 좋네요,1
2017년 6월 20일,업뎃 안하면 앱 못 쓰게 하는 건 인질극이예요. 느리단 평 많은데 전 그런 것 못 느꼈어서 앱 자체가 나쁘진 않아요.,1
2017년 6월 23일,고객센터 직원 분들 모두 친절하시고 서비스 만족하고 몇년째 잘사용하는중입니다^^,1
2017년 6월 19일,님들아 무료잖아요. 무료 치고 굉장히 좋은거죠. 님들이 해봐요. 무료로 이런앱 만들기 쉬울것 같아요?,1
2017년 6월 15일,최선을 소비자에게 할인과 써비쓰 개선을요합니다,1
2017년 5월 29일,늘 건강한 그린 인터넷.티비 감사드립니다,1
2017년 6월 1일,상세한 내용을 볼 수 있어 좋아요,1
2017년 6월 19일,좀더 써봐야 알겟어요~^^,2
2017년 6월 2일,와 이거 너무 좋다 선물함에 데이터2배쿠폰이 ..,1
2017년 6월 27일,엘지유플러스앱조아요,1
2017년 6월 6일,매우 양호함,1
2017년 6월 6일,하.. SSi bar sa ggi dle,2
2017년 5월 26일,너무나 유익한 앱입니다,1
2017년 6월 15일,Thankyou barry good,1
2017년 6월 15일,잘 열리는데 왜 안열린다는건지 모르겠네요..,1
2017년 6월 17일,편리해요!,1
2017년 6월 3일,Ok,1
2017년 6월 26일,힘들다,2
2017년 5월 30일,오케이,1
2017년 6월 2일,좋아요.,1
2017년 6월 28일,최고입니다,1
2017년 6월 24일,좋아요 좋아요 정말 좋아요,1
2017년 6월 5일,좋아요,1
2017년 6월 18일,좋아요,1
2017년 6월 11일,좋아요,1
2017년 6월 8일,최고,1
2017년 6월 24일,좋아요,1
2017년 6월 8일,굿굿,1
2017년 5월 25일,역시 엘지 5G때도 선전해서 sK kt 눌러버려~,1
2017년 5월 18일,고객센터 방문이 매우간단하고 편리합니다,1
2017년 5월 19일,짱!편하고 좋음!,1
2017년 5월 19일,Very good!,1
2017년 5월 18일,Lg가짱,1
2017년 5월 19일,사용이 편해요,1
2017년 5월 18일,넘 편하고좋아요 ~^^,1
2017년 5월 18일,좋음 맘에 쏙드네,1
2017년 5월 19일,편리함을 추구,1
2017년 5월 19일,아주 좋아요~~♡♡♡,1
2017년 5월 18일,유용하네요,1
2017년 5월 24일,걍조아요,1
2017년 5월 22일,간편 최고,1
2017년 5월 23일,TT,2
2017년 5월 21일,최고,1
2017년 5월 21일,좋아요,1
2017년 5월 19일,좋아요,1
2017년 5월 20일,좋아요,1
2017년 5월 19일,멋져요.....,1
2017년 5월 5일,데이터를 확임할수있눈 최!고의 앱이네여~^^ (..제 생각이니까 악플달지 말아주세여..ㅠㅠ ),1
2017년 4월 1일,LGU+고객센터 어플 요금조회 및 사용량까지 상세히 나와서 보기좋아요~,1
2017년 4월 27일,확인이 가능해서 좋아요 ㅎㅎ,1
2017년 4월 30일,부족하지만 양해 바랍니다,1
2017년 5월 1일,데이터통화료를알수있으니까정말좋은것같아요😳,1
2017년 5월 19일,매우 만족합니다.,1
2017년 4월 22일,남춘천역앞이디야.춘천역커피마마,2
2017년 5월 19일,사용하기 더욱 편리하게 지속 관심 바랍니다,1
2017년 4월 26일,그간 바라던거네요,1
2017년 5월 17일,넘간편하구 알아보기쉬워서 좋아요,1
2017년 5월 18일,ㅈ조아효,1
2017년 5월 19일,ㅇㅋ,1
2017년 4월 12일,멋져버려,1
2017년 5월 4일,좋네요 아주좋아요,1
2017년 5월 22일,오케,1
2017년 5월 20일,좋아여,1
2017년 4월 7일,탱큐,1
2017년 5월 18일,ᆢ,2
2017년 5월 19일,긋,1
2017년 5월 23일,감사합니다.,1
2017년 5월 17일,간편하네여,1
2017년 4월 16일,감사합니다,1
2017년 4월 16일,매우좋습니다,1
2017년 5월 22일,넘 좋아요~^^,1
2017년 5월 5일,좋습니다.,1
2017년 4월 1일,좋아요,1
2017년 5월 21일,좋음'-'b,1
2017년 5월 18일,좋습니다,1
2017년 5월 23일,좋아요,1
2017년 5월 22일,좋아요,1
2017년 4월 29일,좋아요,1
2017년 5월 30일,좋아요,1
2017년 5월 26일,좋아요,1
2017년 6월 10일,쵝오,1
2017년 4월 8일,좋아요,1
2017년 5월 23일,좋네요,1
2017년 4월 28일,좋아요,1
2017년 4월 24일,좋아요,1
2017년 4월 18일,좋아요,1
2017년 5월 18일,좋아요,1
2017년 5월 19일,매일 좋음,1
2017년 6월 2일,좋아,1
2017년 5월 18일,좋습니다,1
2017년 5월 24일,좋습니다,1
2017년 5월 19일,최고 ^^,1
2017년 4월 6일,걍그런ᆢ,2
2017년 4월 5일,감사합니다.,1
2017년 4월 26일,감사합니다 좋은,1
2017년 6월 2일,나름대로 좋아요,1
2017년 5월 7일,최고,1
2017년 4월 5일,👍👍👍👍,2
2017년 5월 14일,최고~~~,1
2017년 6월 6일,이 고객센터 로 와이파이 터짐???,2
2017년 4월 13일,잘 하고 있읍니다...,1
2017년 4월 7일,ㅗㅅ소우오웅잉오오소로라랄이이이이잉ㅁ외이읭오오오오우외잇시시이오이이오외이오이잉이이마나노모모모오오이이이이이이이이이이움이이이이오이잉ㅇ모묵구구오오오이이이ㅗㄱ너마우모오옴우우옴오모룰의오모오오오모로고고고무몸오모우모모의이이이이이이이이이모오모몽오모무마나몸모뫼이오오오옴모몽미오오오우무모무오와노모외오무모우잉오오모오오고오의이모모몸이이이몬몽옹이이우오오오모오오무오이이모모모나나모옹이우오모모우외오오오모모우마난뫼이이이이이우마노모일ㅇㅇㅅㅇㅁㅁㄹㅁㄹㄹㅁㄱㄴㅁㅅㅇㅅㅇㅇ스승ㄹㅇㄹㅇㄹㅇㄹ모이이임ㅁ이오의모ㅗ우옹ㄴ모무우옹ㅇ모오이이이이이이이오몸오오몽우옹뭉오오오오오모모모우오ㅗ우오오모우우모우오오오옴오오옹옹오,2
2017년 6월 20일,직영점도맘에들고서비스도짱입니다!,1
2017년 6월 8일,으 ㅗㄱ고,2
2017년 5월 12일,김진근,2
2017년 4월 1일,뭔지모르겠음,2
2017년 5월 13일,좋아요,1
2017년 6월 30일,짜증나서 이거 못쓰겠네요..유플러스 해지해야 겠어요..다른 통신사로,0
2017년 6월 30일,업데이트 이후 느려짐,0
2017년 6월 30일,갤럭시노트5인데 로그인이안되네요,0
2017년 6월 30일,앱이 튕겨요 노트5입니다,0
2017년 6월 30일,로딩이 안 됨 갤럭시 S8 플러스,0
2017년 5월 28일,들어가는 로딩시간 개 길고 데이터 없어서 보려 했는데 업데이트 하라 해서 업데이트 했더니 들어가지지도 않음;;; 이럴꺼면 이런 앱 왜 만듬? 엘지 갈아타야겠다,0
2017년 5월 28일,최악. 접속 계속 안됨. 부모님폰인데 잔여량 요금 확인안되고 있음 이러면 어플을 왜 만들어놓나,0
2017년 6월 2일,"와이파이가 안되서 데이터 얼마나 남았나 보려고 앱을 켜니 업데이트 하라네. 어차피 중요한 서비스 가입해지는 전화로 해결하는 게 빠른 판에, 껍데기나 다름없는 앱을 켤 때마다 업뎃을 하라고 뜰 정도로 귀찮게 하는 의미가 뭐냐.",0
2017년 6월 1일,제발 앱 로딩시간 좀 어떻게 해봐여. 일반 인터넷 연결하듯 착착 열리게는 못하는건가여? 안하는건가여? 전화걸면 고객센터 앱으로 보라해놓고는 앱 연결 시간이 한참 걸리니 엘지에 대한 이미지가 자꾸 나빠지는것 같아여. 제발 착착 열리게 좀 해주세여. 고객소리 전혀 안듣는건가여? 댓글한번 보세여. 그참.,0
2017년 5월 31일,업데이트후 첫화면인 권한 허용버튼 조차 안눌림. 이런 앱개발 직원 계속 쓸겁니까?? 발전이 없어,0
2017년 6월 1일,최악입니다. 앱 이용 시 엄청 불편합니다. 너무 답답하고 느려서 사용을 안 하는게 나을 정도입니다. 이외 서비스 처리도 미흡하고 얼른 약정 기간 끝나서 타 통신사로 옮기고 싶네요.,0
2017년 6월 1일,고개센터 앱 왜이래요. 로딩속도 느린거 못느꼈었는데 왜 이렇게 느려졌나요. 개선 좀 해주세요. 답답해 미쳐버릴거같아요.,0
2017년 5월 27일,군정지하고 몇 번 휴가동안 잘쓰다가 갑자기 해제가 안되고 ipin 쓰려니까 뭔 이상한 창만 쳐나오고 어휴 덕분에 시험떨어졌네,0
2017년 6월 1일,일단 고객센터 어플 접속시간이 1분정도 걸리는거 몇년째 안고치고있더군요 직원이 일을 안하고있는건지 고객과의 소통을 안하는건지 이거 고치세요 그리고 데이터 안심옵션 이번달에 가입하면 다음달 자동가입되는것도 고치세요 생돈 날라갔습니다. 4년째쓰는데 너무하네요.,0
2017년 6월 23일,유플러스는 최악이에요진짜 허구한날 업데이트에 잘되는것도아니고.. ,0
2017년 6월 26일,아니 너무 궁금한데 카드납부는 왜안되는겨? 자꾸 계좌이체출금일이라고 납부가 안되네 진심 화딱지나서 뒤져버리겟음 카드로 내고 싶다고 쫌 제발,0
2017년 5월 28일,휴대폰인증 왜안되나요 계정정보랑 일치하지 않다고 계속 실패뜹니다 아이핀 쓰다 해킹당해서 아이핀도 안쓰는데 개짜증,0
2017년 5월 31일,업데이트 하지 않으면 아예 안들어가져서 업데이트 했더니 페이지 하나 여는데 한참이 걸리네요. 굼뱅이가 기어가는줄,0
2017년 6월 1일,제발 앱좀 바꿔요 아주 들어갈때마다 스트레스 받아서 미칠 거 같으니까,0
2017년 6월 17일,서비스가 마음에 안들어요 조금만 쓰면 데이터가 많이 쓴다고 문자가 오네요,0
2017년 6월 25일,처음에 승인하는거 지금 한달도 넘게 렉이 걸려서 못하고 있어요; 얼른 고쳐주세요 그리고 이거 확인 못한다고 자꾸 데이터가 그냥 막 사라져요; 언제는 짜증나서 한달동안 데이타를 안 켰더니 데이터를 다 써서 링으로 나간다고 문자가 오더라고요;;; 이거 좀 어떻게 해주세요. 전화랑 문자만 해서 데이타가 막 나가네요.,0
2017년 5월 29일,계속 안들어가지네요..뭘 어짜자는건지 이번에 통신사이동해서 다 바꿨는데 3년동안 힘들겠네요,0
2017년 6월 16일,남은 일수랑 데이터바랑 길이 다르게해서 일수대비 데이터가 얼마나 남았는지 상대적으로 계산하기 불편함 나름 머리써서 데이터오바시킬려고 머리쓴걸수도 있지만 진짜 극혐,0
2017년 5월 28일,데이터 간당간당해서 조회해보려하니 업데이트하라니 나참 한두번이 아님 그리고 내부 디자인좀 쉽게쉽게해줘요,0
2017년 5월 30일,앱 실행안되는분들.. 업데이트 다 삭제하시고 다시 업데이트하시면 돼요..,0
2017년 5월 26일,이정도 옹고집이면 대책이 없다 위젯 만들라고,0
2017년 5월 29일,뭐야 이건... 이번에 엘지 처음 쓰는데 어플이 최악이네요 접속자체가 안되어버리니 이거.... 그래도 유플러스 대표격인 어플 아닌가요 이거??? 너무 어이가 없어서 말도 안나오네요,0
2017년 6월 8일,업데이트 안하면 실행이 안되길래 업데이트를 했더니 도저히 처음나오는 페이지 이상으로 넘어가질 않는다..그러다가 제거하고 재설치해보니 잘 된다. 다들 재설치 해봐오,0
2017년 6월 1일,로딩이 천년만년걸림 답답해서 결국 전화로해결함 이럴거면 걍 만들지마,0
2017년 6월 1일,업데이트 후에 로딩시간이 심각할 정도로 기네요. 하나 누르면 한참을 기다려야해서 너무 불편해요.,0
2017년 6월 8일,몇일전 부터 로그인 하려는데 계속 서비스이용이 원할하지않다고 튕기네요 수정좀 해주세요!,0
2017년 6월 7일,쓰레기다 허용 눌러도 안되잖아 왜 실행됀다고 사기침? 통신사가 사기치는 수준,0
2017년 6월 17일,로딩시간 왜이리 오래걸리나요 그리고 남은양 알수있는 위젯좀 만들어주세요,0
2017년 5월 26일,업데이트 후 무한 앱중지 때문에 잔여량 확인이 불가능하네요.,0
2017년 6월 22일,잔여사용량도 위젯으로 안나오는 통신사는 난생처음이네.. 괜히 이동했네,0
2017년 5월 28일,그만좀 업데이트해라 뭐하나 확인하러 들어가면 짜증나죽겠네,0
2017년 6월 1일,인앱 및 로그인 대기시간이 너무너무 오래 걸립니다 개선 부탁드립니다,0
2017년 6월 20일,유플 통신망으로 느리게 들어가면 통신망을 좋게 만들던지 앱을 좋게 만들던지 두 가지 중 하나를 해야하는거 아닌가? 일을 하는 건지 모르겠네,0
2017년 6월 1일,업데이트이후 접속이안돼네요 해결해주세요..계속 로딩만돼요,0
2017년 6월 14일,아니 저기요 허용하라매요 허용이 안눌러지는데 어캐 허용을해 앱 이따구로 만드실래요?,0
2017년 6월 21일,허용버튼이 안눌러지면 어쩌라고 아열받네진짜,0
2017년 5월 26일,저도 갈아탈랍니다,0
2017년 6월 14일,여태 잘사용해왔는데 첫화면 서비스 권한허용에서 넘어가질 않네요ㅜㅜ 어떻게하면 되죠?,0
2017년 6월 2일,직원들 서비스부터 친절 교육및 소비자가 봤을때 직원들 따라 설명이 다른듯하니 이원화 댄것갔으니 일원화 시켜야 할듯 합니다,0
2017년 5월 31일,속터져 디지는줄알았네 최악입니다,0
2017년 6월 17일,쓰레기앱... 탭인데 앱화면 크기가 너무 작음,0
2017년 6월 28일,들어갈 수 도 없는 앱 왜 만들었는지도 모르겠고 그냥 이참에 통신사나 바꿔야겠음,0
2017년 5월 26일,열리지가 않는데,0
2017년 6월 1일,로딩시간이 완전 개 짜증나게 함,0
2017년 6월 1일,고객센터 접속불가 별1개도 아까움,0
2017년 5월 26일,알뜰폰도 위젯 있는데 니넨 왜 없냐,0
2017년 6월 14일,실행도 안돼는거 왜 만들어놨어? 어이없음,0
2017년 6월 7일,허용화면 그대로고 아무거도안눌러지고 어쩌라는건지모르겠네요,0
2017년 6월 24일,권한허용 안되네;; 답변좀 달아라,0
2017년 6월 10일,와실행조차안되게만듬,0
2017년 6월 1일,너무 느려짐. 업데이트 했는데 어떻게 개편했길래 일케 느려짐??,0
2017년 6월 2일,고객센터에 전화해서 빨리 개선해달라고 했어요. 이렇게 안들어가는 앱은 처음 봅니다.,0
2017년 5월 27일,요금납부도 못하게.. 언제 실행되나요? 답답?,0
2017년 5월 29일,업데이트을도대체몇번하는거예요,0
2017년 5월 27일,지프로2인데 화면안맞아서 쓰지도 못함 개짜증남,0
2017년 6월 13일,최악! 회원가입도 안됨! 쓰레기어플,0
2017년 6월 21일,업데이트 후 무슨 허용하라는데 허용 취소 버튼 안눌러짐 ???,0
2017년 6월 14일,무슨 로딩을 하루 종일 하냐,0
2017년 6월 1일,이거 왜 로그인이 안돼는거임?,0
2017년 5월 31일,사용량 위젯좀 만들어 주십시오,0
2017년 6월 14일,휴대폰 교체하려고 접속 하려는데.. 짜증나서 못하겠네.. 이번기회에 다른 통신사로 갈아 타야하나.. 열받아서 못하겠소..,0
2017년 6월 11일,로딩이 안되네요 너무너무 느립니다...,0
2017년 5월 31일,왜 접속이안되는거죠,0
2017년 5월 29일,접속이안됨 ,0
2017년 5월 30일,느려,0
2017년 6월 3일,한달째 접속 불가,0
2017년 6월 22일,너무느려 미친거같아,0
2017년 6월 14일,짜증날정도로 느리네요,0
2017년 6월 20일,별 안주는 방법은 없나요 진짜 쓰레기같아요,0
2017년 6월 1일,너무 느립니다,0
2017년 6월 9일,왜 로그인이 안돼죠?,0
2017년 5월 30일,위젯 좀 만들어라,0
2017년 6월 17일,로그인조차 안되는 앱...,0
2017년 6월 17일,창이 안뜬다 걍 없애라,0
2017년 6월 14일,로그인이 안되니까 아무것도 못하잖아요 빨리 고쳐주세요,0
2017년 6월 1일,깔았는데 로딩도 안되고 이걸 어떻게 쓰라는건지,0
2017년 6월 19일,개불편 역시2위..;;,0
2017년 6월 1일,아예 안들어가짐;;,0
2017년 6월 8일,약정만 끝나라,0
2017년 6월 1일,접속 좀 하자,0
2017년 6월 1일,접속안됨,0
2017년 6월 10일,다른 업체로 갈란다.,0
2017년 6월 16일,최근 업데이트 이후로는 접속이 아예 안됩니다.,0
2017년 6월 1일,왜 로그인이 안돼....,0
2017년 6월 1일,넘느림.자꾸접속안됨.왜이래여?;;;,0
2017년 5월 31일,나만 안되는게 아닌가보네;;,0
2017년 6월 1일,접속이 안됨,0
2017년 6월 29일,말하기가싫습니다,0
2017년 6월 1일,로그인이 무슨 달나라에있나????,0
2017년 6월 1일,로딩이 김,0
2017년 5월 29일,너무 느림 도대체 왜??,0
2017년 6월 28일,아니!!! 업데이트가 안돼요!!!!!!!!!!,0
2017년 5월 29일,업데이트를 너무 자주하는것같습니다. 데이터아까워요.,0
2017년 6월 17일,이것도 앱이라고....,0
2017년 5월 31일,접속 안됨,0
2017년 5월 31일,서비스종료?,0
2017년 6월 15일,구식입니다,0
2017년 6월 1일,속터지게 느려요...,0
2017년 6월 1일,로그인이잘안됨,0
2017년 6월 10일,오늘 접속안됨???,0
2017년 6월 26일,LG수준......,0
2017년 5월 26일,어플 접속이 안되면 어쩌자는 건지..? 조만간 할부 끝나면 바꿔야겠네요 그리고 타 통신사 어플들은 리뷰 남기면 피드백 다 달리던데 여긴 그런것도 없네,0
2017년 5월 22일,접속이 안됨. 앱 중지라 떠서 고객센터 전화하니 기기상에 문제라고 함. 대체 뭔말인지.. 앞으로 유플러스와 삼성기계는 안써야겠다 나쁜기업들..왕 짜증,0
2017년 5월 23일,저만 안되는줄 알았는데 다들 똑같은 문제네요..그래서 해결책은 뭔데? 핸드폰 바꿔야하나 아님 통신사 바꿔야하나,0
2017년 5월 21일,아니 불필요하게 왜 위치와 그외 개인정보를 알려달라고 하는겁니까? 안 그러면 이용못하는건 정말 아니지 않나요? 가면 갈수록 서비스 질이 떨어지네요.,0
2017년 5월 19일,머 같이 만들었으면 최소한 바로 이전 버전은 일정기간 쓸 수 있게 해야지 대단히 보안이 필요한 앱도 아닌데 실행도 안되고 잘쓰던 구번전은 계속 업데이트하라고 뜨고 어쩌라고? 직접 디컴파일해서 수정해서 쓰라는건지.. 위젯 안만드는건 니네들 이익관련 이해관계라 치고 구버전은 쓰게 하자 진짜 답이 없네..,0
2017년 5월 19일,어이없다. 업데이트 이후에 작동불가라 떠서 물어봤더니 어플상의 업데이트 문제가 아니라 기기상의 문제란다. 변명이랍시고 고객한테 덮어 씌우는거 봐라,0
2017년 5월 18일,위젯 생기면 좋겠네요...!!,0
2017년 5월 21일,위치허용 승인 안하면 사용을 못하게하다니... 이건 너무 강제성있는것 아닌가요 요즘 개인정보에 얼마나 예민한데 LG는 고객 의견 신경도 안쓰는것 같네요 그리고 대리점에 정보보내주는 용도라니 대놓고 장사하겠다는 거잖아요 이건쫌 많이 아닌것같네요 화가난다,0
2017년 5월 18일,휴대폰 고객센터에 위치허용등 불필요한 권한을 왜 요청하는지요? 또 허용안하면 사용못하게 하고 이런강제성 진짜별로임,0
2017년 5월 26일,다른 통신사는 다 있는 위젯이나 알림표시줄에서 사용량보기 같은 기능이 하나도 없습니다. 이 댓글 단지 한 6개월은 된거 같은데 하나도 안 바뀌네요. 이제 1년 지나가네요 이제는 포기합니다,0
2017년 5월 21일,아니 무슨 일을 이따위로하는거지? 업뎃하기전에는 잘됫는데 업뎃한뒤로 로딩시간이 길어졌네.. 짜증이랑 욕을 겁나하고싶네..,0
2017년 5월 19일,업뎃 이후 데이터 잔량표기가 되지않습니다. 위젯으로 만들어주시면 사용자가 편할텐데 몇년째 안만들어주시네요. 생각보다 인재가 없는 회사인가봅니다.,0
2017년 5월 22일,어플 개똥같이 만들어서 무슨 루트권한을달래 거지같은게 루트권한 안주니까 실행도 못하게 하네? 루트권한 얻어서 내폰에 먼짓을하려고?,0
2017년 5월 19일,사용자들이 필요하면 알아서 설치해서 사용하게 좀 냅두고 선탑재 하지말자. 선탑재앱 졸 짱남...,0
2017년 5월 23일,갤럭시 s2 사용자입니다 이번에 업데이트한 뒤 실행이 안됩니다 창이 잠시 떴다가 그냥 닫혀버리네요,0
2017년 5월 20일,업데이트 이후 권한이 필요하다면서 허용 눌러도 아무거도 안고 종료 눌러도 안뜨네 어떻게함?,0
2017년 5월 21일,왜 본인인증 sms를 없앤건가요? 일시정지해제가 안됩니다,0
2017년 5월 24일,감시 하는데 여러분 허용 할지도 마세요 고객센터 따름입니다 계속해서 이야기 만 하는데 ㅠ ㅠ 감시 속에 있어 허용 금지,0
2017년 5월 25일,아니 도대체 언제 고쳐지는 겁니까 허용 클릭이 안눌러져요 업뎃전에 괜찮았는데 왜저리 골치아프게하세요 진짜 서비스 질좀 챙겨주세요제발,0
2017년 5월 18일,sk로갈아탄다 ㅡㅡ 한방에요고뭐고다필요없어 스마트폰쓰는의미가없어,0
2017년 5월 23일,요금제변경이 안됨. 요금제 변경불가한 이유가 너무 추상적으로 설명되있어서 알수가없음. 그리고 데이터 사용량 확인가능한 위젯 좀 만들었으면 좋겠음.,0
2017년 5월 19일,고객을 생각하기 보다는 회사의 편의와 이익추구에 우선하는 것 같아서 안타깝네요.,0
2017년 5월 24일,업데이트 하라고해서 업데이트 했는데 전에는 접속 잘 됐는데 이제는 접속도 안되네요 오류좀 해결해주세요 빠른시간내에,0
2017년 5월 20일,업데이트이후로 고객센터에 들어가지질않네요,0
2017년 5월 24일,업뎃 안하면 아예 실행 못하도록 만든 거 진짜 최악입니다. 업뎃 못할 때는 어떻게 이용하라고 그러는 건가요?,0
2017년 5월 25일,갤럭시 8은 잘만되는데 구형 폰만 접속 안됩니다 빠른 조치 해 주시길 바랍니다 대리점 직원도 왜 그런지 모른다는건 그만큼 구형폰 유저들 농락하는거 밖에 안보임.,0
2017년 5월 25일,업그레이드를 하려니 내정보 위치등등 권한 요구함 짜증나서 이용을 사양합니다,0
2017년 5월 22일,아니 로그인을 하라고 해서 할라고 했는데 어이없음,0
2017년 5월 20일,뭐같은 앱 짜증나서 더이상 안쓸란다 약정 끝나면 다시는 유플러스 안쓴다,0
2017년 5월 20일,주말휴가인대 앱 업뎃하니까 군정지를 못풉니다 114상담도 주말엔안해주고 어쩌란건지;,0
2017년 5월 22일,실행이 안됨 누르면 바로 튕기고 지웠다 깔아도 계속그러네요 해결좀,0
2017년 5월 24일,실행도 안되는 쓰레기어플 제발 개선좀해주세요 불편해죽겠음,0
2017년 5월 19일,위젯은 안만드는게 아니고 만들 능력이 없는거 같네요,0
2017년 5월 20일,접속이안됩니다. 한나절기다려도안돼요 뭐하자는겁니까,0
2017년 5월 20일,업데이트 하니까 오류떠서 군정지가 풀리지가않네,0
2017년 5월 20일,지랄하고있네 왜 쓸데없는 업데이트야,0
2017년 5월 23일,권한설정 하려고 허용버튼 눌러도 반응이 없음.,0
2017년 5월 26일,이번 업데이트 하고나부터 안들어가짐,0
2017년 5월 20일,하루걸러 업데이트를 하네 어휴,0
2017년 5월 23일,업데이트 이후 실행이안됨 아주개판,0
2017년 5월 24일,접속이 가끔 오류 떠서 불편합니다!,0
2017년 5월 18일,느리네요 다음부턴 kt,0
2017년 5월 19일,요금제 변경 왜 안되게 했는지 불편합니다..,0
2017년 5월 30일,갑자기 내폰이 엣지7 인데 인터넷 느려터져네 뭐꼬 이것,0
2017년 5월 25일,아이스크림 스마트폰 사용하고있는데 권한 공지하는 화면에서 뒤로 안넘어가요,0
2017년 5월 19일,이럴거면 그냥 만들지나 말지..,0
2017년 5월 24일,개인정보 위치 요구 하지 마세요,0
2017년 5월 18일,사용량을 바로 볼수있게 위젯을 만들어주세요.,0
2017년 5월 20일,업뎃되고 안되는데 구버전은 남겨놓으셔야지,0
2017년 5월 22일,아니 뭐 열려야 확인하지,0
2017년 5월 20일,진짜 개그지같이 만들었다 예전에도느꼈지만 여전하네,0
2017년 5월 19일,위젯좀 해줘요 짜증나,0
2017년 5월 21일,연결이 안되서 확인 불가 앱이네...,0
2017년 5월 21일,뭐가되질않는데. 물어봐도쌩까고. ,0
2017년 5월 22일,앱이 안들어가져요,0
2017년 5월 22일,어제까지 잘쓰다가 오늘 업데이트 하고부터 화면이 안뜨는데. 어떻게 해야되나요?,0
2017년 5월 19일,업데이트 하고 앱 실행 안됨,0
2017년 5월 21일,연결이 되지 않는다,0
2017년 5월 20일,업뎃 했는데 왜 안떠?! 뭐 이런 ..,0
2017년 5월 26일,사용량 위젯좀 만들어라,0
2017년 5월 19일,아니 왜 중지되엇다고..,0
2017년 5월 23일,허용 버튼 안눌러짐 사용 못하고 있음 개선 요망,0
2017년 5월 24일,허용 키 안먹음,0
2017년 5월 21일,이번달 내로 kt로 옮긴다 수고했다,0
2017년 5월 23일,업데이트 이후에 튕깁니다. 저뿐만이 아닌거같은데 빨리 고쳐주세요,0
2017년 5월 24일,위치 및 개인정보 업그레이드 하지마소,0
2017년 5월 23일,계속 중지가 되고...그렇네요..,0
2017년 5월 24일,유플러스는 당근 쓰레기 통신사,0
2017년 5월 25일,업데이트하고 앱 실행이 안 되는데...몇일째 이러네요,0
2017년 5월 22일,실행이 안돼,0
2017년 5월 24일,불필요한 정보요구,0
2017년 5월 20일,잘 쓰던걸 안되게 만들어 놓고 맞어야 정신차리지?,0
2017년 5월 24일,강제로 폰바꾸게하려고 별짓다하네,0
2017년 5월 20일,혜택 또줄였네,0
2017년 6월 21일,업뎃했더니 들어가기보다는 강제로 팅기는데요?,0
2017년 5월 21일,쉽게 갑시당,0
2017년 5월 22일,업데이트 이후로 안됨 장난치나???,0
2017년 5월 19일,좀더 간편하길,0
2017년 5월 19일,너무 자주 업데이트함,0
2017년 5월 22일,실행이 안된다구요,0
2017년 5월 23일,개선해 주세요 잘 안됩니다,0
2017년 5월 20일,최악,0
2017년 5월 24일,넵 알겠습니다,0
2017년 5월 10일,업뎃하라고 해서 누르니 업뎃도 안되고 들어가지지 않음. 그리고 전에는 데이터가 월 한도에 다다르면 인터넷 접속이 안되더니 언제부턴가 한도 넘어도 인터넷 접속이 되면서 돈 무한히 먹고있음. 유플 개쓰레기 양아치 기업. 이제 갈아탈거임,0
2017년 4월 3일,유플러스 못쓰겟네... 짜증나네 유플러스 신용카드 즉시납부 할려고해도 되지도않고 매너콜 신청해도 안되네 앱으로 아무것도 안되면서 왜 이런걸 만들어놓는지 고객갖고 장난하나 .. 두번다시 유플러스 쓰는가봐라 앱이 짜증나서 유플러스 못쓰겠네,0
2017년 4월 24일,SK처럼 통화시간 데이터 확인 할 수 있는 위젯좀 하나 만들어주세요 어렵지도 않구만 고객만족 서비스가 이리도 취약합니까 어플관리하시는 분들 노나요? 위젯이 기본인데 ...일 좀 합시다,0
2017년 4월 1일,위젯으로 실시간 잔여량 볼 수 있는 기능이 없나요? 없다면 다음 업데이트시 반영할 계획은 없는지 궁금합니다.,0
2017년 4월 11일,통신사 옮겨왓는데 다시 바꾸고 싶음 대체 왜 표시줄에 표시가 안됨? 답답해서 못써먹겠다. 2년후 바로 갈아타야지,0
2017년 6월 15일,진짜 써보면 압니다. 최악. 군인들은 절대로 유플러스 쓰지마세요 정지하고 풀기 너무 힘듭니다. 진심으로요,0
2017년 4월 4일,요금냈는데 안냈다고 나오네요? 그래서 미납으로돼서 기간내에 안냈다고 할증까지붙고? 지금 장난치나,0
2017년 4월 6일,뭐이래 화면도 안나오고 오류만 심하고 갤럭시 노트4쓰는데 짜증나네 로그인창도 안나오고 화면이 백지처럼 안넘어간다 똑바로 관리좀해라 여러분 sk나 kt로 다들 갑시다 유플 새끼들 배때지 불러서 그런거같으니,0
2017년 4월 18일,"데이터 안심옵션 부가서비스 해지 하려 했드만 앱으로는 안된다고 뜨네 ㅋㅋ 고객센터는 맨날 통화중이고, 겨우 통화해서 해지 했는데 고객센터에서는 앱으로도 가능하다고하고. 결국 쓰지도 않은 부가서비스 비용은 소비자에게로 ㅎㅎ 대단합니다",0
2017년 5월 17일,아니 지금 4분째 들어가는 로딩만 보고있네... 로딩이 너무 느리잖아요. 들어가도 다른거볼려고 터치하면 로딩... 진짜 짜증나요. 로딩만 좀 빠르게해주세요.,0
2017년 4월 19일,담당직원들 파업했어요? 댓글이 이렇게 난리인데 왜 고객요구사항을 반영을 안하는거죠? 로그인이 되야 쓸수있는 어플이 로그인 자체가 안되는 상황이면 심한거 아닌가요,0
2017년 5월 2일,인터넷 tv 전에 보던 줄겨보던 스포츠프로가 미가입채널으로~~ 너무나 화난다.핸드폰도 lg 인터넷도 lg---고객상담자에 무성이 모두 짜증난다.,0
2017년 5월 8일,로그인 자체가 안돼네요 생년월일로 로그인을 하려고 하면 계속 네트워크가 원활하지 않다는데요. 진짜 최악이예요 그리고 U+ one ID로 로그인이 가능하다던데 등록되있는 상품이 아니라고 하고 멤버쉽 카드도 못 만들어요....,0
2017년 5월 3일,안들어가지잖아 이걸 왜만들어요? 실적올릴라고 만드나? 아니 적어도 사람이라면 인간적으로 이렇게 안좋은 말들나오면 참고해 방안을 만들어주든가 어찌하면 가면갈수로 바닥이 드러날까?,0
2017년 4월 20일,아무리 로그인을 하려해도 계속 틀리다고 함.. ..이 새벽에 잠도 못자고 1시간을 매달리다가 포기함.엘지가 이렇게 후진줄 알았다면 번호이동 안했음. 문제가 생겼는데도 내 데이터양도 확인 못함. 역시 통신사는 kt나 sk였어 수많은사람들이 불안을 쏟아내는데 보기는 하나요?,0
2017년 4월 2일,초기화면이 너무 무거워요. 답답해서 못 쓰것네요. 제발 좀 빨리 뜨게 해주세요.,0
2017년 4월 1일,왕 짜증. 앱 접속시 로딩 시간 엄청 늘어났음. 전진은 커녕 후진. 유플 다움 이번달 갈아탄다,0
2017년 5월 18일,맴버쉽 신청해서 주소를 재대로칠러했는데정보조회가 원활하지않다고 뜨는데 어떻게하죠 이거빨리좀 어떻게 고쳐주세요,0
2017년 4월 1일,이거 렉이 갑자기 왜 이러죠?? 로딩 엄청걸리네요.. 그리고 데이터 46GB였는데 왜 11GB로 줄었죠?? 점검부탁드립니다.,0
2017년 5월 14일,데이터 충전을 멤버십 포인트로 할수있게 해주세요. 포인트는 많이남는데 쓸데가없어요,0
2017년 5월 17일,무슨 로딩이 하루종일됨? 되지도않네 빨리고쳐주세요 공식앱이 이러면안되는거아닌가ㅡㅡ,0
2017년 5월 6일,ㅋㅋㄲㄱㅋ요금제변경하려고 인증번호받아서 적어넣으니까 데이터연결중이 아니라고하네? 몇번이나 시도를 해도 참..어이가없어서. 그래서 아이핀으로 인증받으니 멀쩡하게됨. 업데이트할거면 진짜 필요한걸 고치세요. 다른 통신사에 비해 Lg가 밀리는 이유를 알겠네,0
2017년 5월 29일,데이터 사용량 조회 위젯 좀 만드세요! 통신사 고객센터 앱이라면 기본 중 기본인데..,0
2017년 5월 1일,"아니,데이터 2배 쿠폰을 쓰려고 하니까 5월 1일부터 사용가능하다 라고 뜨네요 지금이 5월 1일인데?",0
2017년 4월 18일,참 불친절하고 대책없긴함 이제는 하도 실망해서 기대도안함 가족들이 쓰고있어서 쓰는거지 그거아니면 돈좀더주고 sk가지,0
2017년 4월 25일,진짜 앱들어가보고싶다. 무슨 로그인만하려고 하면 서비스이용이 불가능하다고 다시해달라고뜬지 어언 2년. 장난하자는것도아니고,0
2017년 4월 12일,U+야 어그로 끌지말고 망해라 니네들 돈되는게 뭐가있냐,0
2017년 5월 5일,적어도 안심데이터로 고객센터는 들어갈수있게 만들던가 요금제 변경 하려고 한번 접속하려해도 접속자체가 안됨. 대학교 과제물도 아니고 이딴식으로 허접하게 앱만들고 월급받고 싶나,0
2017년 4월 1일,앱 한번 들어가려면 로딩 시간이 완전 세월아 네월아 수준이네...... 개선 좀 하지......................,0
2017년 4월 9일,사용량 상태바 만들어 주세요.. 올레 쓸 때 굉장히 유용해서 좋았는데 ..유플은 사용량 상태바 없더라구용,0
2017년 5월 10일,요금제 납입할려고 지난달 4월에쓴 요금확인할려고들어갔는데. 요금제 완납했는데 자꾸 3월달에쓴 요금이 떠있어요 확인좀 해주세요,0
2017년 4월 20일,핸드폰 정지 딱 모바일로2회 지정할꺼면 뭐하러 모바일에 핸드폰정지 만듬;;2회지나면 모바일로 안되고 전화해야한다면 불편한건 마찬가지임 횟수제한좀 없애주세요,0
2017년 4월 4일,어플신경안쓰네요 기본적인 로그인부터가안되고..실망,0
2017년 4월 27일,아니 미친 안심옵션쓰면 고객센터 이용하지 말라는거냐 몇분을 기다려도 메인화면도 안나온다 일좀해라,0
2017년 5월 20일,업데이트만 하네요 얼마 되지않아 업데이트를 또 하래요 업데이트좀 그만해요 해봤자 좋아지는거 없던데요,0
2017년 5월 17일,장난하는것도 아니고 한두번도 아니고 뭔 고객센터가 계속 로딩 로딩 로딩 로딩 문제점이 있으면 개선을 하세요 좀,0
2017년 4월 11일,아니 데이터 쿠폰 사고 인증 로그인 왜 게속 안되는 건데? 아이디를 몇 번 바꾸고 재 로그인까지 했는데도 데이터 충천만 안되는 이유는 또 뭐야. 그리고 전화번호 인증하고 하라는데 그거 누르면 인증만 하라고 하고 번호도 쓰라고 안뜨고 하는 방법도 안알려주는데 무슨 고객센터야??????,0
2017년 4월 15일,일시정지 하려고 하니 네트워크 연결이 끊겨서 안된다고? 시도는 해봤냐? 4G 빵빵하게 터진다 이것들아.,0
2017년 5월 17일,한참을 기다려도 접속이 안 되네요. 네트워크 문제인가해서 다른 사이트 들어가봐도 잘만 되는데 이걸 쓰라고 만드셨는지,0
2017년 6월 1일,정말 별 하나도 아깝다. 이것 때문에라도 통신사 갈아탄다.,0
2017년 5월 4일,적가튼앱 기본도못하면서쓸데없는업데이트로 데이터요금만발생시키려고 18,0
2017년 5월 8일,헬지야 로그인이안돼 무슨 스크립트 오류나고 접속이 안됨 개판,0
2017년 4월 10일,Lg는기다림에연속인가 대답좀해보소,0
2017년 5월 19일,업데이트 좀 작작해주세요 제발 저장 용량 없으면 업뎃 못 시켜서 보지도 못한다고요,0
2017년 5월 7일,접속하기 참 힘드네 타통신사들 봐라 얼마나 빠르고 편한가...빨리 시정하세요 아님 타통신사로 다 이사갑시다.,0
2017년 4월 2일,다른거하기전에 문제점 개선부터 하세요,0
2017년 5월 14일,고개센터 어플이 몇일째 접속이 안되고있는데 너무불편하네요,0
2017년 4월 20일,왜 오류만 뜨고 안들어가지는지 알수가 없네요,0
2017년 4월 8일,회원가입 눌렀는데 서버 오류라면서 안돼요 답변좀,0
2017년 5월 25일,도대체 며칠째 업뎃이 안됨! 별 그지갔은 앱을 다보겠다~우라질!!,0
2017년 4월 1일,이거 업데이트 되고나서 버벅거리고 느려져서 짜증남,0
2017년 5월 9일,고객센터 맞나요 로그인도 안돼고 진짜 실망스럽네요,0
2017년 6월 12일,업뎃다운받으라는데 왜이래 안되나요,0
2017년 5월 17일,제발 개선좀해주세요 로딩때문에 앱을 들어갈수가없네요.,0
2017년 4월 28일,로딩민 하루종일 하고 있네 아오 짜증나,0
2017년 4월 29일,장난해요? 무한 로딩 이면 어떻게 보라는건지요,0
2017년 5월 20일,업데이트가 안돼서 사용을 못하고있네요,0
2017년 4월 24일,로딩만 하루종일 걸릴듯 고객센터 어플이 이모양이면 어쩌자는건지;;;,0
2017년 5월 19일,업데이트 용량이 왜 100이넘음; 짜증나네,0
2017년 5월 22일,업데이트 대기중 하더니 몇일째 대기중이네요,0
2017년 5월 5일,엘쥐개플러스다 짜식아 똑바로좀해 어휴..,0
2017년 5월 14일,로딩이 무슨 하루 종일걸릴냐 제대로 일좀해라 돈 먹고 놀기만 하냐 별한개도 아깝다,0
2017년 5월 6일,정말 답이없네 스트레스만 받는다,0
2017년 4월 28일,참...걍 쓰던대로 놔두지 먼 맨날 업데이트야.. 갈수록 더 불편하게...,0
2017년 5월 19일,업데이트도 안돼고 도대체가 볼 수가 없네..뭐하자는건지..,0
2017년 4월 1일,로딩 구경하라고 만든 앱인가요,0
2017년 4월 17일,데이터 확인 위젯좀 추가해주세요~,0
2017년 5월 10일,앱 안정성 개빵! 데이터 3M로 떨어지면 앱실행하면 앱접근이 안됨 뱅뱅돌다 에러 두둥....,0
2017년 4월 29일,계속 네트워크가 원활하지 않다고 떠요 와이파이 빵빵한데서 해도 그렇고 lte켜도 그렇고 셀프디스인가요?,0
2017년 4월 26일,무한로딩 장난하세요 업뎃좀 똑바로하세요,0
2017년 5월 7일,인터넷 티비 요금 관련 항목은 하나도 안 보임. 이쯤되면 폰만 쓰라는건가,0
2017년 5월 22일,업뎃 못 하면 사용 못 하게 하는게 말이 됩니까? 옛날 폰은 용량도 없어서 업데이트도 못하는데.,0
2017년 5월 26일,열리지도 안는데. 어쩌라는건지.,0
2017년 5월 17일,로딩이 왜 이렇게 오래 걸려요..? ,0
2017년 5월 23일,허구한 날 업데이트,0
2017년 5월 25일,이상한 업데이트 그만 좀 했으면,0
2017년 5월 4일,lg진짜 뭐 이래,0
2017년 4월 10일,잔여량 위젯 좀 만들어주세요,0
2017년 5월 26일,잘 쓰지도않는데 꼭이렇게 매번 업데이트해야하나요?,0
2017년 4월 18일,로그인도 안되잖아,0
2017년 5월 17일,로딩만 계속 뜨네요 완전 개 최악!!!!!,0
2017년 4월 26일,업뎃하고나니 아예 되는게 없네요? 요금납부일이라 폭주인가?했더니 것도 아닌거 같고 돈더주고 엘티이 쓰는데 너무느려 그런가? 했더니 그것도 아닌거 같고 업데이트를 잘못 한게 아닌지.. 오류메시지가 계속 뜨네요. 얼추 10년이 다되가도록 이번이 최악인듯 순간적으로 이동하고 싶다는..생각 까지 들게하네요. 고객센터앱 수정할부분이 분명 있는것 같은데..모든 사용자가 다그렇지는 않지만 업데이트하고 난뒤로 앱실행안되는 불만이 많은것같네요 빠른시일에 수정되서 정상적으로 되길바래요 데이터요금을 부가로 추가해서 사용하는데 이렇게 느릴수가 없어요. 와이파이 켜서 사용하는것보다 몇배는 더느린거같네요. 이또한 보완되야할부분이 아닌가 싶네요.,0
2017년 4월 10일,간편로그인이 안되는데 좀 어떻게 해보세요,0
2017년 4월 12일,실시간 사용 요금 홈화면에 들어갔을때 바로 볼 수 있으면 좋을것같아요,0
2017년 4월 26일,참. 거지같네 뭔이딴걸 만들어 들어가질않네.,0
2017년 4월 1일,별한개도 아깝다,0
2017년 4월 7일,안들어가져요 최악이다!!,0
2017년 5월 20일,정말 유플 한심하네 똑바로 만드는게 없네 츠츠 언제 제대로 할라나...,0
2017년 4월 21일,들어가지지도 않고 그냥 U+폰 하지마세여,0
2017년 4월 22일,더럽게 짜증나는어플...,0
2017년 5월 3일,데이터 통화 등 한번에 볼 수 있게 위젯기능이 있으면 좋겠습니다,0
2017년 5월 17일,들어가지지가않는데 어찌확인하냐?계속 로딩만하고 자빠졋네,0
2017년 4월 3일,거지같네 로그인도 안돼는구만,0
2017년 4월 19일,업데이트 후 로딩이 너무 길어요 빠른시일내에 고쳐주세요,0
2017년 4월 20일,업뎃후로딩이안돼요,0
2017년 4월 12일,로딩시간이 너무길어요,0
2017년 6월 15일,업데이트되고 쓰레기됨ㅂ,0
2017년 6월 14일,업데이트 적당히해주세요 아 진짜,0
2017년 4월 1일,뭡니까 이따구요 안됨,0
2017년 5월 19일,뭐하자는 신지,0
2017년 5월 22일,자주쓸 어플도 아닌데 뭔업뎃을 이래 자주하냐,0
2017년 5월 21일,그냥 앱을 없애라,0
2017년 5월 3일,이것도 앱이라고 만드냐,0
2017년 5월 17일,속터지겠어요!!!,0
2017년 5월 21일,예전것으로환원해라 대기만하고확인도안되네,0
2017년 4월 1일,느려요접속이,0
2017년 5월 20일,업데이트가 안되요,0
2017년 5월 9일,안 들어가짐,0
2017년 4월 16일,로그인이 안됨,0
2017년 4월 16일,뭔어플이 접근이 안되냐. .,0
2017년 5월 19일,실행안되는구만...,0
2017년 5월 7일,너무느려요,0
2017년 5월 22일,불편해,0
2017년 4월 1일,통신사 바꾼다,0
2017년 5월 19일,뒤졌누,0
2017년 5월 23일,업뎃 작작,0
2017년 5월 22일,불편하네요,0
2017년 5월 19일,업데이트 시발,0
2017년 5월 17일,엄청느리고 이상함,0
2017년 5월 17일,앱 하나 제대로 못만드세요?,0
2017년 5월 19일,업뎃하라며... 안되잔아... 뭔데 ㅆ,0
2017년 5월 20일,별로,0
2017년 5월 16일,무한로딩 극혐,0
2017년 5월 18일,위젯....,0
2017년 4월 10일,갑자기 앱 업데이트 안되서 불편 했습니다😑이곳 리뷰에서도 원성이 많군요😑다행히 이곳 PLAY STORE가 아닌 ONE STORE에서 다운하니 쉽게 업 고객센터 이용이 되는군요😊저처럼 불편을 겪는 분들을 위하여 리뷰 남깁니다😊,0
2017년 5월 9일,위젯좀 만들어주세요!!! 멤버십 바코드 바로 띄워져있는 위젯있으면 편리할 것 같네요,0
2017년 5월 19일,업데이트 안됩니다. ㅠㅠ,0
2017년 6월 27일,최악중 최악입니다 들어가는게 넘 힘듬 조만간 통신사 옮김 ㅃ,0
2017년 5월 15일,"아니 고객센터 데이터는 무료 라더니, 데이터 다쓰고 들어가면 하루 종일 걸리는 이유는 도데체 뭐요?",0
2017년 5월 20일,업뎃이안되요ㅡㅡ,0
2017년 6월 3일,답도안나옴ㅋㅋㅋ,0
2017년 5월 28일,오래걸리네,0
2017년 6월 4일,별한개도 주고싶지안아 최악 이야 ! 욕안하면 다행인줄알아 다 나빠 ! 폰 당장 바꾸어야지,0
2017년 4월 22일,용량을 얼마나 차지하는건가요ㅋㅋㅋㅋ 카톡 보다 더 하네,0
2017년 4월 17일,LG는최악이다,0
2017년 6월 19일,뭣이 이렇게 늦어?,0
2017년 5월 30일,엘지다신안써야겠어요,0
2017년 5월 7일,"지워도 계속살아나는 잡초같은 생명력, 잡초같이 무쓸모",0
2017년 4월 5일,안들어가짐ㅡㅡ,0
2017년 4월 16일,그냥 난 호구였네?,0
2017년 4월 19일,속도가 느린데 빠르게 해주세요,0
2017년 4월 5일,업데이트 오류,0
2017년 6월 12일,너무길어,0
2017년 4월 11일,들어가져야....,0
2017년 5월 11일,"비디오포털 내가 가입도 안햇는데 요즘제에 가입이 되어있어 요금이 계속 나가고있어서 해지하려니 핸드폰에서는 해지가 않덴다고, 114 문의하라해서 전화해보니 기계음만 나오구 상담원이 없더라 . 그래도 기계가 시키는데로 이것저것 누르니 업뎃하라구 나오구 결국 포기함 모하자는건지 .",0
2017년 5월 5일,정신나간 놈들이야,0
2017년 5월 22일,앱을 깔았는데 열리지 않음,0
2017년 6월 9일,업데이트가 너무길다,0
2017년 5월 31일,접속안되는데 수정도 안하고 ㅉㅉ,0
2017년 5월 25일,나만 접속안되는게 아니었구나,0
2017년 5월 3일,한마디로 아웃,0
2017년 5월 18일,로딩이 무슨,0
2017년 4월 19일,기존오랬동안사용한고객에게너무함,0
2017년 5월 21일,아이 욕 나오네..요금제도 뭐같이 이통사끼리 담합한거 같고..기기도 그밥에 그나물이고..돈은 칼갗이 받아가고..안내면 정지시키고..이건 뭐 칼만 안들었지....어플은 업뎃허고.먹통...꼴같지도 않은 것들이 우롱하네..,0
2017년 6월 2일,엘쥐담당자들이여 뭐가 문제인지 빨리 정상로딩이 되도록 조치 바란다 좀만간 통신사 바꿀 고객들 많다,0
2017년 6월 1일,접속이 안되네 나쁘다,0
2017년 5월 19일,너무너무 느림 복잡함,0
2017년 4월 12일,아니 같은 LG 계열사인데 통신사는 왜이따구냐? ㅋㅋㅋㅋ 같은계열회사라는게 믿기지가않는다. 분리독립해라 쓰레기들아.,0
2017년 6월 9일,업데이트 후 사용이 안됩니다,0
2017년 5월 10일,대체 뭐가 원활하지않다고 계속 나중에 시도하라는거임? 와이파이 빵빵하고 엘티이로 풀어도 안되고 그냥 회원가입해서 들어갈라고 하니까 클릭하면 다음으로 넘어가지도 않고 뭐 이런 쓰레기 어플이 다잇는지ㅡㅡ 처음으로 엘지통신사 써보는데 아놔 진짜 하루만에 후회 개막심이듬 짜증남,0
2017년 5월 17일,실행안됩니다 로딩만하네요 빨리고쳐주세요,0
2017년 5월 22일,최악의 업데이트,0
2017년 6월 1일,만들라면 똑바로 만들던가? 업데이트전이 백만배 낫네 접속 진짜 어렵네,0
2017년 5월 29일,머하는거야 이게,0
2017년 4월 27일,자꾸인증 안된다함,0
2017년 5월 19일,안돼요,0
2017년 5월 8일,제발 이딴 기본앱좀 탑재 하지말고...,0
2017년 5월 20일,일시정지 해제가 안됩니다 주말에 어떻게 하라는건지,0
2017년 4월 12일,에휴 쓰레기 걍 접어,0
2017년 4월 10일,Skt짱짱,0
2017년 6월 23일,말이 필요 합니까?,0
2017년 4월 18일,미안합니다. 사용후 리뷰 다시 남깁니다. 아마 3월 첫업뎃 이후 오류가 있었나 본데 이정도면 훌륭합니다. 다만 복잡한거 싫어하는 사람들을 위해 좀 더 심플하게 편집이 가능하면 좋겠네요 텍스트보단 이미지위주로 자기가 쓰는것만,0
2017년 5월 20일,업데이트가 안되나요.... 실행할수가없네,0
2017년 5월 22일,업데이트가 되질않네요 빠른 시정 바랍니다,0
2017년 4월 18일,도대체 통화를 할수없네 해지 할려하는데 26분 기다리다 걍끊고 통장잔고 없애야겠군,0
2017년 5월 26일,강제 업뎃이라 했는데 하고나니 실행이 안됨,0
2017년 5월 28일,가는 전화는 되는데 오는 전화는 왜 못받지요?그니까 인증번호를 받지 못해요.방조부탁드립니다.,0
2017년 5월 9일,장애때문에 전화하는데 계속 안받고 끊기만하고 여기 고객센터 어플 왔더니 장애 신고는 개뿔 이렇게 서비스 하니까 맨날 꼴찌 못 면한다,0
2017년 6월 8일,로딩도오래걸리고 접속도제대로안됨.이어플왜만들었어요?,0
