,DATE,STAR,REVIEW,LABEL
0,2021년 5월 21일,별표 5개 만점에 3개를 받았습니다.,다른것은모르는대 대이터상태가안좋아요,1
1,2021년 5월 21일,별표 5개 만점에 1개를 받았습니다.,앱 실행하는데만 최소 10분 이상 걸림,0
2,2021년 5월 21일,별표 5개 만점에 1개를 받았습니다.,톡같은 요금제똑같은핸드폰3~4 개월사이2~3만원요금차이나는 요금제 의심스럽습니다 월요일 판매점 찾아 가겠습니다,0
3,2021년 5월 21일,별표 5개 만점에 5개를 받았습니다.,너무 좋아요,1
4,2021년 5월 21일,별표 5개 만점에 1개를 받았습니다.,간편로그인에서 생년월일 쳐서 로그인버튼 눌렀는데 계속 usim이 없다고 뜨면서 로그인이 안되네요..제 usim은 한번도 뺀적이 없는데.. 빨리 해결해주세요. 빠른 답변 기다라고 있습니다.(기종:A10e),0
5,2021년 5월 20일,별표 5개 만점에 5개를 받았습니다.,멍하다,1
6,2021년 5월 19일,별표 5개 만점에 1개를 받았습니다.,미성년자 요금제 변경은 별다른 안내도 없고 UI 그냥 최악,0
7,2021년 5월 19일,별표 5개 만점에 5개를 받았습니다.,굿,1
8,2021년 5월 19일,별표 5개 만점에 4개를 받았습니다.,여기 어풀에 들어와서 데이터쿠폰 2배사용하기 최고에 끌팁입니다,1
9,2021년 5월 19일,별표 5개 만점에 1개를 받았습니다.,별하나도 아깝네요,0
10,2021년 5월 18일,별표 5개 만점에 1개를 받았습니다.,수도권에서 티비도 인터넷도 데이터도 안터지는 상황인데 기술점검부터 하시는게 맞지 않을까 싶네요 한달에 10만원 넘게 요금 납부하고 있는데 고객센터 전화해도 해줄수있는 보상이 몇만원 요금 깍아주겠다고 하시는건 불합리하지 않나요?,0
11,2021년 5월 18일,별표 5개 만점에 5개를 받았습니다.,좋아용,1
12,2021년 5월 18일,별표 5개 만점에 1개를 받았습니다.,로그인도안되고..늦고..휴,0
13,2021년 5월 17일,별표 5개 만점에 5개를 받았습니다.,너무좋아요,1
14,2021년 5월 17일,별표 5개 만점에 1개를 받았습니다.,"며칠전에 자동 로그아웃 되더니 그때부터 휴대폰 번호 로그인이 안 되네요 그래서 아이디, 비번 로그인 했는데 소액결제 액수 상향 조정하려고 하니까 유심을 인식 못한다고 안 되네요 유심 인식이 안 되면 전화, 메시지도 안 되야 하는데 잘만 되고요, 다른 앱들은 전부 잘 작동하고 유플러스 고객센터 앱만 속섞이네요, 진짜 통신사 바꾸고 싶네요 좀 제대로 해주세요😡",0
15,2021년 5월 17일,별표 5개 만점에 3개를 받았습니다.,사용자가 편리하도록 합니다.,1
16,2021년 5월 16일,별표 5개 만점에 5개를 받았습니다.,휴대폰결제 이용하기,1
17,2021년 5월 16일,별표 5개 만점에 1개를 받았습니다.,로그인 안됨,0
18,2021년 5월 16일,별표 5개 만점에 1개를 받았습니다.,두번다시 엘지 안쓴다.... 직장에서 안터져 집에서 안터져... 등산가면 안터져... 엘지만 전화 데이터 너무 불편함.... 케이티랑 투폰쓰는데 케이티만 데이터 터짐.... 심지어 엘지는 5g이고 케이티는 4g인데4지보다 느린 파이브지..... 안터져서 터지게 해달랬더니... 남의건물이라 동의 받아야하는데 나보고 달아도되는지 동의 받아달래..... 이딴 서비스가 다있나....... 그리고 즉시납부 할라하는데 내카드 신한카드인데 정보 아무리 바로 넣어도 없는카드래..... 3사중에 젤 쓰레기인듯... 2년뒤부터 엘지랑 빠이빠이 할거다,0
19,2021년 5월 16일,별표 5개 만점에 2개를 받았습니다.,홈화면에 위젯 설정해놓고 데이터 확인하려고 누르면 무한로딩합니다..,0
20,2021년 5월 16일,별표 5개 만점에 1개를 받았습니다.,아니 왜 와파랑 같이 데이터가 켜지냐고 이따구니깐 망하는거지,0
21,2021년 5월 16일,별표 5개 만점에 5개를 받았습니다.,엘지 최고최고 입니다,1
22,2021년 5월 15일,별표 5개 만점에 1개를 받았습니다.,"이사 때문에 간단한 인터넷, TV 설치주소변경 신청하는데, 유플러스 휴대폰 번호가 아니면 1. 우선 간편로그인 안되고 ID만들어야 하며 2. 그것도 앱 안에서 되는게 아니라 별도 홈페이지에서 만든 다음 다시 앱으로 와야 하며 3. 그 다음 앱에서 신청을 하려고 하니 이번엔 본인인증을 휴대폰인증, 패스인증, 아이핀인증 중에 고르란다. 4. 근데 거기서 휴대폰인증, 패스인증은 또 유플러스 번호가 아니면 안된다. 패스앱이 설치되어 있어도 소용없다. 유플러스 인터넷이랑 TV만 쓰고 휴대폰 안쓰면 주소지 이전 한번 하려고 없는 아이디 만드는 것도 모자라 없는 아이핀도 만들어야 하나? 일부러 불편하게 하고 싶은걸까? 5. 전단계로 돌아갔더니 썼던 내용이 다 사라져있다. 할 말이 없다. 고객센터가 싫어서 인터넷, TV 해지 생각하게 만들 정도다. (추가) 유플보다 더 쓰레기같은 아이핀앱 수십번 실패 끝에 인증 성공했다. 주소이전이란게 이렇게 복잡한 과정 거칠 만큼 위대한 일이란걸 깨달았다.",0
23,2021년 5월 14일,별표 5개 만점에 1개를 받았습니다.,증말 들어가지도않고 짜증나네 에라,0
24,2021년 5월 14일,별표 5개 만점에 1개를 받았습니다.,이 앱 완전 쓰래기네요 ㅉㅉ 참고로 제폰은 삼성갤럭시로 쓰고있는데 lg알뜰폰으로 신청했습니다.. 생년월일로 간편로그인으로 했는데 lg로 개통된 폰만 이용할수 있다?? 알뜰폰은 쓰지마라는 건가요?? 아니면 삼성갤럭시라는 이유로 쓰지말라는건가요??? 빠른답변 부탁드립니다,0
25,2021년 5월 14일,별표 5개 만점에 5개를 받았습니다.,통신사가 이동된후로 좋아요 이제밑고사용할수 이습니다 숙대점으로 된건가요,1
26,2021년 5월 11일,별표 5개 만점에 5개를 받았습니다.,Ok,1
27,2021년 5월 11일,별표 5개 만점에 1개를 받았습니다.,서울 1호선은 터지지도 않는 유플러스,0
28,2021년 5월 11일,별표 5개 만점에 5개를 받았습니다.,너무 데이터가 모자랐어요데이터 충분히 쓸 수 있다니 감사한 일입니다,1
29,2021년 5월 11일,별표 5개 만점에 2개를 받았습니다.,다운로드가 안되네요,0
30,2021년 5월 11일,별표 5개 만점에 1개를 받았습니다.,진짜 어플 운영자 바꾸세요 너무 한거아닌가요? 방치하는건지,0
31,2021년 5월 11일,별표 5개 만점에 5개를 받았습니다.,좋아요,1
32,2021년 5월 9일,별표 5개 만점에 1개를 받았습니다.,아주불량,0
33,2021년 5월 9일,별표 5개 만점에 5개를 받았습니다.,편하고 유익,1
34,2021년 5월 8일,별표 5개 만점에 1개를 받았습니다.,"로그인이 안되네요 캐시,데이터 삭제하고 다시 깔아도 접속이 안됩니다!!!",0
35,2021년 5월 8일,별표 5개 만점에 1개를 받았습니다.,여러분 LG 쓰지맙시다. 앱이 속터지게 느린이유는 휴대폰 사업도 접고 제대로 관리도 안하며 개발자도 저렴하게 비전공자 뽑아서 속성교육해서 쓰기때문에 몇년동안 최적화는 커녕 캐시를 지우라는 답변밖에 못하는거죠. 대기업 문화나 시스템이 변하기는 어렵기 때문에 사용자인 우리가 옮겨야합니다. 이걸로 매번 고생하는 시간에 통신사 한번 옮기면 해결됩니다.,0
36,2021년 5월 7일,별표 5개 만점에 5개를 받았습니다.,굿굿,1
37,2021년 5월 7일,별표 5개 만점에 1개를 받았습니다.,lte존나느리네 기지국 철거중이냐? ㅋㅋㅋㅋㅋㅋㅋ 믿거,0
38,2021년 5월 6일,별표 5개 만점에 5개를 받았습니다.,잘쓰고있음,1
39,2021년 5월 6일,별표 5개 만점에 1개를 받았습니다.,갑자기 로그인이 안되네요,0
40,2021년 5월 6일,별표 5개 만점에 1개를 받았습니다.,서비스 이용 원할하지 않습니다라는건 언제까지 뜨는건지.....하루종일 해도 안되고 하라는 대로 캐시도 지워보고 햇는데도 며칠째 들어가지지도 않고 홈페이지 이용해도 안되고 어쩌라는건지,0
41,2021년 5월 5일,별표 5개 만점에 2개를 받았습니다.,별루,0
42,2021년 5월 5일,별표 5개 만점에 1개를 받았습니다.,이앱 지우는 방법있나요?,0
43,2021년 5월 4일,별표 5개 만점에 1개를 받았습니다.,Tv에서 유투브 세팅이 이상한데 답답하네 잘좀합시다,0
44,2021년 5월 4일,별표 5개 만점에 5개를 받았습니다.,U+화이팅,1
45,2021년 5월 3일,별표 5개 만점에 1개를 받았습니다.,5g 요금 처받아놓고 다운로드 하나 제대로 못 쳐 받네 어이없게,0
46,2021년 5월 3일,별표 5개 만점에 1개를 받았습니다.,하 다른 것도 안 되고 만 14세 미만이라고 너무... 다른 것도 안 되고 하네요,0
47,2021년 5월 2일,별표 5개 만점에 5개를 받았습니다.,불편이없는LGU+,1
48,2021년 5월 2일,별표 5개 만점에 5개를 받았습니다.,폰이나tv요금냈는데 청구서에계속같은금액이남아있네요. 개선좀하셔야겠어요.,1
49,2021년 5월 1일,별표 5개 만점에 1개를 받았습니다.,LTE88 요금제 데이터 나눠쓰기 40G 데이터 나눠쓰기 제한을 좀 풀어 주셨으면 합니다 40G나눠 쓰기를 요금제에 포함 시켜 놓고는 한번에 최대 전송량을 1G 밖에 못 하니까 엄청 불편해요 한번에 전송 할 수 있는 최대 데이터량을 5G 단위로 올려 주시던가 데이터량을 설정 해서 보낼 수 있게 업데이트 해 주셨으면 합니다 너무 불편해요~ 상담사분들에게 요청을 몇번 했는지 몰라요 제발 신경 좀 써주시길 바랍니다,0
50,2021년 4월 30일,별표 5개 만점에 1개를 받았습니다.,업데이트도 안되는앱 ..진짜 노답입니다..,0
51,2021년 4월 30일,별표 5개 만점에 5개를 받았습니다.,감사합니다^^,1
52,2021년 4월 29일,별표 5개 만점에 1개를 받았습니다.,진짜 엘지 데이터 개느림 폰 바꾸면서 바로 옮긴다 엘지 쓰지마세요~,0
53,2021년 4월 29일,별표 5개 만점에 1개를 받았습니다.,지우게 해달라,0
54,2021년 4월 28일,별표 5개 만점에 1개를 받았습니다.,와 대단하네요. 앱이 몇일째 열리지 않네요,0
55,2021년 4월 27일,별표 5개 만점에 1개를 받았습니다.,기본데이터다쓰고 무료로나오는 데이터는 무슨 아예삭제를해라 폰이 먹통이네 느려도 된다니까써보는데 유플러스만 거의5~6년을쓰고있는데 신뢰도 제로로 확떨어지네 그게데이터가되는거냐? 10초이용하고 끊기는 데이터가 무제한으로 이용가능하십니다로 바꺼라 다른통신사로갈아타야지 그지같아서,0
56,2021년 4월 26일,별표 5개 만점에 3개를 받았습니다.,이운환시민신구,1
57,2021년 4월 26일,별표 5개 만점에 5개를 받았습니다.,굿,1
58,2021년 4월 26일,별표 5개 만점에 1개를 받았습니다.,하 진짜 짜증나죽겠네 두달전부터 틈틈히 확인좀 해보려고 어플 6-7번은 눌렀던거같은데 매번 시작페이지에서 이동중 여기서 멈춰서 넘어가지가 않아서 확인이 불가능함 ㅡㅡ 어떻게 요금제 확인하라는건지 기본 어플이라서 삭제도 안되고 정말 화나네요,0
59,2021년 4월 25일,별표 5개 만점에 5개를 받았습니다.,정서영,1
60,2021년 4월 25일,별표 5개 만점에 1개를 받았습니다.,조회하려해도ᆢ접속이되야하지ㅡㅡ,0
61,2021년 4월 24일,별표 5개 만점에 5개를 받았습니다.,굿,1
62,2021년 4월 24일,별표 5개 만점에 1개를 받았습니다.,Lg u+ 5g??속도 측정하닌까 380kbps 실화냐ㅋㅋㅋ 해지한다 ㅅㄱ,0
63,2021년 4월 23일,별표 5개 만점에 1개를 받았습니다.,렉이 심하네요. 솔직히 LG는 휴대폰은 참 그렇네요 휴대폰 마음에 드는 점이 없어. 렉 심하지 로딩 오래 걸리지 다 느려 그냥 휴대폰 안 만드는 거 참 옳은 선택이었다. 더 만둘어봤자 거기서 거기지,0
64,2021년 4월 23일,별표 5개 만점에 5개를 받았습니다.,이용하기 쉽고 편하게 되어 있어 좋았읍니다,1
65,2021년 4월 23일,별표 5개 만점에 1개를 받았습니다.,15년 엘지 썻는데 인터넷 모이리 느려빠졋냐 sk로 간다,0
66,2021년 4월 23일,별표 5개 만점에 1개를 받았습니다.,이정도면 고객센터 쓰지말라는거지;;;,0
67,2021년 4월 22일,별표 5개 만점에 1개를 받았습니다.,출첵 이벤을 하면 첫날에 알림하지 왜 꼭 하루 지나서 하냐 일부러 그러는 거냐 19일부터면 19일날 알림 보내야지 꼭 둘째날 보내노,0
68,2021년 4월 22일,별표 5개 만점에 3개를 받았습니다.,대체 데이터가 왜 이리 느린가요 ㅋㅋㅋㅋㅋㅋㅋㅋㅋ 대이터로 앱들어가는 것만 해도 한세월이고 밖에서 쓰는것도 느려터졌고 갑자기 어느순간부터 데이터가 확 느려졌습니다 동영상 보는데 1~2초마다 끊기고요 사진 로딩되는 속도도 느리고ㅋㅋㅋㅋㅋ 왜이러나요 대체;,1
69,2021년 4월 21일,별표 5개 만점에 5개를 받았습니다.,좋아요,1
70,2021년 4월 21일,별표 5개 만점에 3개를 받았습니다.,너무버벅됨!물론휴대폰성능과 기지국의전파영향도 받겠지만... 그래도 페이지간 이동도 느리고~ 앱 클릭시 오픈도 느리고~ 다~느려~ 엘지...휴대폰도 접었는데 설마 기지국도 포기하는건 아니지요? 엘지기지국 10년 이상 썼는데...,1
71,2021년 4월 20일,별표 5개 만점에 1개를 받았습니다.,Lgu+ 사용중이지만 최악입니다,0
72,2021년 4월 19일,별표 5개 만점에 1개를 받았습니다.,"개발자가 치매환자인가???왜 자세히 보기 터치만 하면 다 다시로그인하라고 해요?? 바쁜 사람은 보지도 못하겟어요,",0
73,2021년 4월 19일,별표 5개 만점에 1개를 받았습니다.,폰바꾸고실행안돼요 a32,0
74,2021년 4월 19일,별표 5개 만점에 4개를 받았습니다.,굿,1
75,2021년 4월 19일,별표 5개 만점에 5개를 받았습니다.,좋아요...^^,1
76,2021년 4월 18일,별표 5개 만점에 4개를 받았습니다.,데이터잘볼수있어서좋아요 앞으로 업데이트 잘 부탁드려요 😊,1
77,2021년 4월 17일,별표 5개 만점에 5개를 받았습니다.,늦어요,1
78,2021년 4월 17일,별표 5개 만점에 5개를 받았습니다.,고맙습니다,1
79,2021년 4월 17일,별표 5개 만점에 5개를 받았습니다.,Ok,1
80,2021년 4월 17일,별표 5개 만점에 1개를 받았습니다.,최신 스마트폰을 샀다. 그런데도 느리다. 요즘 은행앱도 이렇게 느리지 않다. 최적화 언제 할건지..,0
81,2021년 4월 16일,별표 5개 만점에 5개를 받았습니다.,통신사 바뀌었는데 왜 안 없어지죠?,1
82,2021년 4월 16일,별표 5개 만점에 2개를 받았습니다.,"앱 개발자 교체했으면 하네요. 솔직히. 구동에만 10초 걸리는 앱이 요즘 어디에 있나요? 메뉴는 복잡하기만 하고 쓸데없는 광고만 가득하고, 각 메뉴반응속도는 암세포고요. 적용되는데 3초 이상 걸리고 도대체 매번 업뎃할 때마다 무슨 업뎃을 합니까? 경량업뎃이나 좀 하세요. 왠만해서 이런 얘기 안하는데 이 앱은 진저리가 납니다.",0
83,2021년 4월 16일,별표 5개 만점에 5개를 받았습니다.,잘쓰고 있어요.,1
84,2021년 4월 16일,별표 5개 만점에 1개를 받았습니다.,U+가 와이파이 제일 느린듯 ㅠ,0
85,2021년 4월 16일,별표 5개 만점에 1개를 받았습니다.,구동 속도가 2G인줄 알았습니다 구동 속도 좀 올려 주세요,0
86,2021년 4월 16일,별표 5개 만점에 5개를 받았습니다.,감사,1
87,2021년 4월 16일,별표 5개 만점에 1개를 받았습니다.,개느리네,0
88,2021년 4월 14일,별표 5개 만점에 3개를 받았습니다.,불편합니더,1
89,2021년 4월 14일,별표 5개 만점에 1개를 받았습니다.,최악이네 아주 켜지지도않고 고칠생각도안하고 두번다신 엘지안쓰련다,0
90,2021년 4월 13일,별표 5개 만점에 5개를 받았습니다.,"데이터나통화량을하룬에, 쉽게알수있어서,좋아요,",1
91,2021년 4월 13일,별표 5개 만점에 5개를 받았습니다.,처음사용하는거라궁금해요도와주세요,1
92,2021년 4월 12일,별표 5개 만점에 1개를 받았습니다.,어유 진짜 서버관리 개떡같이 하네,0
93,2021년 4월 12일,별표 5개 만점에 3개를 받았습니다.,유용했습니다,1
94,2021년 4월 12일,별표 5개 만점에 5개를 받았습니다.,고개ㅣ센터짱,1
95,2021년 4월 11일,별표 5개 만점에 1개를 받았습니다.,뭔 어플이 심심하면 서버이용이 원활하지않다고 안들어가집니까,0
96,2021년 4월 10일,별표 5개 만점에 1개를 받았습니다.,하..엘지 이제 폰도 망해서 안하는데 괜히 엘지로 옮겨가지고 데이터 속도는 5G가 3G급이고 실내에 있으면 잘 터지지도 않는 이런 5G 처음이네요^^,0
97,2021년 4월 10일,별표 5개 만점에 1개를 받았습니다.,3일전부터 서비스 이용이 원활하지 않습니다. 잠시 후에 다시 접속해 주시기 바랍니다.라고 계속 뜨면서 앱이 안켜지네요.,0
98,2021년 4월 10일,별표 5개 만점에 1개를 받았습니다.,4월 1일부터 계속 어플이 안켜져요 서비스이용이 원활하지않습니다 잠시후에 재접속해주세요 라고 뜨면서 종료되는데 여러방법을 써봐도 안됩니다 어떻게 해야하죠?,0
99,2021년 4월 10일,별표 5개 만점에 1개를 받았습니다.,상담원이 정말불친절합니다. 기술이 좋으면 뭘하나요 직원관리가 똑바로안되는데요. 본인일 아니니 강건너 불구경하는게 직원교육인가 봅니다.,0
100,2021년 4월 9일,별표 5개 만점에 1개를 받았습니다.,서비스 이용이 원할하지 않습니다 라며 어제부터 안들어가져요. 오늘 아침 다시해도 안되고. 뭔문제입니까?,0
101,2021년 4월 9일,별표 5개 만점에 1개를 받았습니다.,별한개도 아까운.,0
102,2021년 4월 9일,별표 5개 만점에 1개를 받았습니다.,씨 바 ㄹ 더럽게 안 됨... SK 쓰다 왔는데 LG 개 구려서 못 쓰겠네..맨날 천날 앱 끊겨서 새로 다운 받음..,0
103,2021년 4월 7일,별표 5개 만점에 1개를 받았습니다.,안들어가져서 지우고 다시 깔아도 안들어가져요 ㅡㅡ,0
104,2021년 4월 7일,별표 5개 만점에 1개를 받았습니다.,알림 떠서 봤더니 광고를 띄운다고?? 진짜 대가리에 총맞으셨어요?? 뭔생각을 해야 고객센터가 광고알림을 띄웁니까??,0
105,2021년 4월 6일,별표 5개 만점에 1개를 받았습니다.,위젯도 안되고 접속도 안되요 어제부터,0
106,2021년 4월 5일,별표 5개 만점에 5개를 받았습니다.,쉬보레대리점 전화번호,1
107,2021년 4월 5일,별표 5개 만점에 1개를 받았습니다.,계속 서비스 이용이 원활하지 않다고 뜨네요 와이파이로 하고 데이터 켜서 해봐도 접속할 수가 없어요,0
108,2021년 4월 5일,별표 5개 만점에 1개를 받았습니다.,별하나도 줄 수 없을 정도의 수준이예요,0
109,2021년 4월 4일,별표 5개 만점에 5개를 받았습니다.,안녕하세요,1
110,2021년 4월 3일,별표 5개 만점에 1개를 받았습니다.,로딩속도 고치라고 돈벌어서 뭐하는데,0
111,2021년 4월 3일,별표 5개 만점에 5개를 받았습니다.,굿,1
112,2021년 4월 3일,별표 5개 만점에 1개를 받았습니다.,아무리 중소기업이지만 이렇게 앱관리 허술하면 다음에는 통신사 바꿔야 겠네요.,0
113,2021년 4월 3일,별표 5개 만점에 5개를 받았습니다.,원조경,1
114,2021년 4월 2일,별표 5개 만점에 1개를 받았습니다.,회원가입은 가능해서 했는데 로그인하니 이용자가 아니라네 ㅡㅡ,0
115,2021년 4월 2일,별표 5개 만점에 1개를 받았습니다.,안됨 안됨 안됨,0
116,2021년 4월 2일,별표 5개 만점에 1개를 받았습니다.,앱이 안들어가져요. 삭제도 안되고 왜이래여,0
117,2021년 4월 1일,별표 5개 만점에 1개를 받았습니다.,엄마를 데이터 좀 주려는데 인증문자가 오지를 않네... 몇번째 시도인지.... 직원들 앱 관리 안해요?,0
118,2021년 4월 1일,별표 5개 만점에 1개를 받았습니다.,접속이 왜 안됨??,0
119,2021년 4월 1일,별표 5개 만점에 4개를 받았습니다.,좋아용,1
120,2021년 4월 1일,별표 5개 만점에 1개를 받았습니다.,접속이 계속 안되고 튕겨요 삭제후 다시 깔았는데도 또 안되네요 수정해주세요,0
121,2021년 4월 1일,별표 5개 만점에 1개를 받았습니다.,도대체 얼마나 실행이 안될것인가,0
122,2021년 4월 1일,별표 5개 만점에 5개를 받았습니다.,사용하기가볼편함니다.,1
123,2021년 3월 31일,별표 5개 만점에 1개를 받았습니다.,별 0개는 없나 1개도 아까운데 몇일째 접속도 안되는데 공지하나 없네,0
124,2021년 3월 31일,별표 5개 만점에 5개를 받았습니다.,신선해요,1
125,2021년 3월 30일,별표 5개 만점에 1개를 받았습니다.,몇일째 앱에 안들어가져요!! 좀 어떻게해봐요!,0
126,2021년 3월 30일,별표 5개 만점에 1개를 받았습니다.,앱덧글이란걸첨달아봅니다 와..넘안들어가집니다 이거진짜개선해야할듯,0
127,2021년 3월 30일,별표 5개 만점에 1개를 받았습니다.,갤럭시 절전모드에서 왜 안됩니까? 백그라운드 허용시켜둬도 계속 절전 풀라하고 절전모드에서 위젯좀 되도록 만들어 주세요,0
128,2021년 3월 30일,별표 5개 만점에 4개를 받았습니다.,2021년 3월30일 오후10시부터 3월 31일 새벽2시까지. 인공지능 스피커.누구쓰고 잇는데요. 요새선전하는데요. 전 첨나왓을때 10년전부터 원래 큰거엿는데 미니로 5년전에.나와서 미니로 쓰고 잇는데요. 일할때 에그로 멜론음악으로 연결해서 쓰고잇는데요.갑자기 음악이 안나서 버튼 클릭해도 안나와서 에그 배터리 빼고ㅡ폰도 재부팅햇는데 음악이 안나와서 누구들어가니깐. 먹통이고. 헐로키티 블루투스스피커로 연결햇더니 첨엔 2초 그담 5초 그담 12초 그담 1곡씩 그담 2곡씩 한곡씩 넘어가고 지니음악은 아에 안먹히고. 당연히 멜론.지니에 썻구요. 한참 걸렷네. 혹시나 해서 인공지능.블루투스스피커.다끄고.폰에네이버.유투브동영상.g마켓.gs편의점.모든타사이트들이 모드속도가 먹통에 안들어가져요ㅜㅜ 지금LG폰 문제잇는거 맞죠? 오늘g마켓 출첵마지막날인데 오늘까지인데 오늘새벽12까지 업글 안되면포인트300포인트물러주세요ㅜㅜ 빨리 업글 시키세요!! 아낭!캐 짜증 이빠이네요ㅜㅜ,1
129,2021년 3월 30일,별표 5개 만점에 1개를 받았습니다.,열리질않네요 요금납부하려는데답답하네요,0
130,2021년 3월 30일,별표 5개 만점에 5개를 받았습니다.,원조경,1
131,2021년 3월 30일,별표 5개 만점에 1개를 받았습니다.,안들어가지는 이유가 뭐임? 뭐가 문제 있으면 개선할 생각 좀 해라,0
132,2021년 3월 29일,별표 5개 만점에 2개를 받았습니다.,앱 실행이 안돼요,0
133,2021년 3월 29일,별표 5개 만점에 1개를 받았습니다.,접속이 안되는데 고치지도 않네,0
134,2021년 3월 29일,별표 5개 만점에 2개를 받았습니다.,자꾸 데이타 끊김,0
135,2021년 3월 28일,별표 5개 만점에 2개를 받았습니다.,툭하면 멈춤현상.. 유뿔이 업계 3등(꼴등)하는 이유를 알겠다.. 이런 간단힐 앱 하나도 관리못하면서 ㅠㅠ,0
136,2021년 3월 28일,별표 5개 만점에 1개를 받았습니다.,앱이 며칠째 안 들어가지는데 조치 안 하시나요?,0
137,2021년 3월 28일,별표 5개 만점에 1개를 받았습니다.,안들어가짐 ㅇㅇ,0
138,2021년 3월 28일,별표 5개 만점에 4개를 받았습니다.,로봇책 답변이 별로임.,1
139,2021년 3월 28일,별표 5개 만점에 5개를 받았습니다.,폰 설정부터 변경 개인정보까지 앱 하나로 다 볼수있어 이렇게 편할수가~굿짱,1
140,2021년 3월 27일,별표 5개 만점에 1개를 받았습니다.,업뎃도안되고..참 .. 역시 유플답네ㅎㅎ,0
141,2021년 3월 27일,별표 5개 만점에 1개를 받았습니다.,드럽게 느립니드ㅠㅠ,0
142,2021년 3월 27일,별표 5개 만점에 1개를 받았습니다.,앱이안들어가져요ㅡㅡ,0
143,2021년 3월 27일,별표 5개 만점에 4개를 받았습니다.,좋아요,1
144,2021년 3월 27일,별표 5개 만점에 1개를 받았습니다.,접속이 원할하지 않네요,0
145,2021년 3월 26일,별표 5개 만점에 1개를 받았습니다.,그놈의 서비스 원활;;;; 이러고 또 미납금 생기면 추가금은 내가 내야하잖아요 고객을 진짜 호구로 아시나요?? 통신사 바꿀거예요,0
146,2021년 3월 26일,별표 5개 만점에 1개를 받았습니다.,접속안되요,0
147,2021년 3월 26일,별표 5개 만점에 5개를 받았습니다.,넘넘~~^^좋아용ㅎㅎ,1
148,2021년 3월 26일,별표 5개 만점에 1개를 받았습니다.,서비스가 원활하지 않습니다 라는 문구가 뜨며 2주째 접속안되네요 내 정보는 어디서 보라는건지 참...,0
149,2021년 3월 26일,별표 5개 만점에 5개를 받았습니다.,유플 고객센터 앱에 안들어가지네요 데이터가 느려져 용량때문인가 싶어 요금제 바꿀까 해서 들어가니 안들어가져요 확인 부탁 드려요,1
150,2021년 3월 26일,별표 5개 만점에 5개를 받았습니다.,좋아요,1
151,2021년 3월 25일,별표 5개 만점에 1개를 받았습니다.,앱이 잘 들어가 지지도 않고 자주 끊김니다. 잔여 데이터 확인하려고 해도 로딩이 오래 걸려요. 몇년째 쓰는데 왜 개선되지를 않죠?,0
152,2021년 3월 24일,별표 5개 만점에 2개를 받았습니다.,보통,0
153,2021년 3월 23일,별표 5개 만점에 1개를 받았습니다.,중단되었다고 뜸니다,0
154,2021년 3월 23일,별표 5개 만점에 1개를 받았습니다.,앱이 안열림ㅡㅡ,0
155,2021년 3월 23일,별표 5개 만점에 1개를 받았습니다.,지금 앱계속 팅깁니다 3월 23일현재까지도,0
156,2021년 3월 23일,별표 5개 만점에 2개를 받았습니다.,11안드로이드 벨벳인데 고객센터 하나은행 다 팅김니다 빠른 개손 부탁드립니다.,0
157,2021년 3월 23일,별표 5개 만점에 3개를 받았습니다.,앱이 안들어가져요. 다른앱들도 않 들어가져서 문의 하려고 들어가서 문의사항을 올리긴했는데요. 고객센터 위에 앱이 한번더 않들어가져요.,1
158,2021년 3월 22일,별표 5개 만점에 5개를 받았습니다.,좋아요,1
159,2021년 3월 22일,별표 5개 만점에 5개를 받았습니다.,다시생각,1
160,2021년 3월 21일,별표 5개 만점에 1개를 받았습니다.,아니 왜 접속이안되요?!!!!지금당장 들어가야되는데,0
161,2021년 3월 21일,별표 5개 만점에 1개를 받았습니다.,지금 앱이 켜지지가 않고 계속 닫기는데요? 얼마전부터 로그인 안되서 앱 지우고 다시 깔았는데 .. 이게 뭐하는짓인지..,0
162,2021년 3월 21일,별표 5개 만점에 4개를 받았습니다.,추가정보제공하기가힘들어요,1
163,2021년 3월 21일,별표 5개 만점에 5개를 받았습니다.,너무 만족합니다,1
164,2021년 3월 21일,별표 5개 만점에 1개를 받았습니다.,인터넷 연결 문제 없는데 아무런 오류 메시지 없이 접속이 안 됩니다. 약정 끝나면 꼭 다른 통신사 사용하겠습니다.,0
165,2021년 3월 21일,별표 5개 만점에 1개를 받았습니다.,별 하나도 아깝슴니다.쓰잘데없는 행사니뭐니하면서 돈받아 먹을생각하지말고 인터넷속도나 어떻게 해보던가 하소 .열 받아서 핸드폰 몇천번도 뿌셔버리고 싶어유.지금 이미 액정이 깨졋슴 ..통신사 빨리 바꿔야겟는데 약정때메 ...혈압터질것같음,0
166,2021년 3월 20일,별표 5개 만점에 1개를 받았습니다.,유튜브시처미안됩니다설치북해요,0
167,2021년 3월 20일,별표 5개 만점에 5개를 받았습니다.,개뿔,1
168,2021년 3월 20일,별표 5개 만점에 1개를 받았습니다.,스토리 하나 올리려면 하루종일해도 안되고 기는도 느리고 쾐히 엘지폰 후회되내요 바꿀생각,0
169,2021년 3월 20일,별표 5개 만점에 5개를 받았습니다.,♡최고♡,1
170,2021년 3월 20일,별표 5개 만점에 1개를 받았습니다.,접속이 원활하지 않다고 접속이 안됩니다. 왜 그런지 알수있을까요?,0
171,2021년 3월 19일,별표 5개 만점에 5개를 받았습니다.,오랫동안 편리하게 잘 사용하고 있습니다.,1
172,2021년 3월 18일,별표 5개 만점에 1개를 받았습니다.,결제정보 보려는데 불편하고..,0
173,2021년 3월 18일,별표 5개 만점에 4개를 받았습니다.,좋다,1
174,2021년 3월 18일,별표 5개 만점에 3개를 받았습니다.,뜨뜨ㄸ,1
175,2021년 3월 17일,별표 5개 만점에 1개를 받았습니다.,아니 서비스이용이원활하지않습니다 잠시후다시접속해주시기바랍니다 계속뜨는대 머가문제임ㅡㅡ,0
176,2021년 3월 17일,별표 5개 만점에 1개를 받았습니다.,지금 유플러스어플 들어가고싶은데 안들어가져요,0
177,2021년 3월 16일,별표 5개 만점에 5개를 받았습니다.,매우 매우 좋습니다 사용하니 편리합시다 . 안녕하세요 행복하세요 건강하세요 축구 가세요 축구 해 놨습니다,1
178,2021년 3월 16일,별표 5개 만점에 1개를 받았습니다.,어제부터 앱이실행이안되네요,0
179,2021년 3월 16일,별표 5개 만점에 1개를 받았습니다.,느려요 졸라 느려요,0
180,2021년 3월 16일,별표 5개 만점에 1개를 받았습니다.,1년전쯤 5g 시작한다고 기지국 늘린다고 불편해도 참아달라고 하더니 지금까지 5g다운 5g를 못쓰고있다 5g잠깐뜨고 다시4g 접속 진짜 속상하다 유플러스는 진짜 각성해라 이런식으로하면 안돼 이럴거면 요긍제를 더내리던지해야지 고객이 봉이냐 괜히 4g에서 넘어왔다 싶다 진짜,0
181,2021년 3월 16일,별표 5개 만점에 1개를 받았습니다.,아니 벨벳폰 사용하는데 노래 업로드하려하는데 계속 튕겨요 업데이트좀 해주세요,0
182,2021년 3월 15일,별표 5개 만점에 1개를 받았습니다.,느려도 너무 느리다. sk로 갈아타련다.,0
183,2021년 3월 15일,별표 5개 만점에 1개를 받았습니다.,별 한개도 아깝다.2년 약정때는 6기가 사용중에 매달 5기가만 쓰고 1기가는 그냥 날렸는데..2년 약정후에 노트9 기기값 잔금 남아서 1년약정으로 쓰고 있는데 매달 5기가로 한달을 썼는데 1년약정후에는 10일만에 6기가 오링되고 .6기가 리필받아서 또 10일되면 오링된다.인터넷검색이나 동영상을 항상 똑같이 보는데 1년약정 한후에는 데이타는 깎이는데 검색 연결은 오래있다가 연결되니 유투브는 속도가 느려서 접속도 안되고 동영상은 거의 못본다..인터넷검색만 가능해진다. 이런 엉터리가 어딨냐.114에 문의 전화했더니 상담사가 데이타요금제를 추가해서 용량을 올리랜다.,0
184,2021년 3월 15일,별표 5개 만점에 1개를 받았습니다.,서비스 이용이 원할하지 않데요,0
185,2021년 3월 15일,별표 5개 만점에 1개를 받았습니다.,한국통신사 제조사 기업들 암호화 대리점에서 해킹 기술 빅데이터 MD5 광고로 해킹사업중 미국방부 속이기 있지도 않는 가짜 고객센터 대중 철저하게 속이는 한국 기업들 한국이 상습적으로 도둑질 악랄한 한국기업들,0
186,2021년 3월 14일,별표 5개 만점에 1개를 받았습니다.,삭제 안되는 통신사앱,0
187,2021년 3월 13일,별표 5개 만점에 5개를 받았습니다.,감사합니다,1
188,2021년 3월 13일,별표 5개 만점에 5개를 받았습니다.,편리하고잘만드렀어요,1
189,2021년 3월 13일,별표 5개 만점에 3개를 받았습니다.,버퍼링심해요,1
190,2021년 3월 13일,별표 5개 만점에 1개를 받았습니다.,데이타속토 너무너무느립니다. 집에 kt인터넷와이파이쓰는데 와이파이없으면 폰업뎃도 못할정도고..와~ 집밖에나오면 속터져죽을지경. 5G는 아예 되지도않고..3G를 8하던지 핸드폰에서 5G이름박은거 빼고 요금제도 LTE요금제로 쓰게하세요. 양심이 있으면 이런 인터넷속도로 5G라고 둔갑해서 이런비싼요금 받으면안되죠. 안그래요? 통신망을 늘리던지 개선하던지..회원들 다 빠져나가면 그때서야 고치던지 알아서하세요. 약정 끝나기만기다립니다. 통신사 바로갈아탈거니깐 ㅂㄷㅂㄷ,0
191,2021년 3월 13일,별표 5개 만점에 1개를 받았습니다.,5G 답답함 느려터지고 렉 4G때가 빨랐네,0
192,2021년 3월 13일,별표 5개 만점에 1개를 받았습니다.,업데이트 겁나 자주해요ㅠ😭😭😭😭😭😭😭😭,0
193,2021년 3월 12일,별표 5개 만점에 5개를 받았습니다.,최고입니다,1
194,2021년 3월 12일,별표 5개 만점에 2개를 받았습니다.,070전화불편,0
195,2021년 3월 11일,별표 5개 만점에 1개를 받았습니다.,어제 부터 접속이 안되요 어떻게 된거죠?,0
196,2021년 3월 10일,별표 5개 만점에 5개를 받았습니다.,매우좋아요!,1
197,2021년 3월 10일,별표 5개 만점에 1개를 받았습니다.,와 안대노 ㅡㅡ,0
198,2021년 3월 10일,별표 5개 만점에 3개를 받았습니다.,바로바로 설정이 안대네요,1
199,2021년 3월 10일,별표 5개 만점에 1개를 받았습니다.,"PIN유효기간이 만료되서 다시등록하라는 메세지에 따라 본인확인하고 PIN등록하려니 PIN유효기간이 만료되었다고하고 다시 본인확인, PIN유효기간만료 무한반복이네요",0
200,2021년 3월 10일,별표 5개 만점에 5개를 받았습니다.,친절해요.,1
201,2021년 3월 10일,별표 5개 만점에 1개를 받았습니다.,제 폰 회사와 다른 통신인되요 자꾸 업데이터 시키라고 나오네요 개선 부탁 드립니다,0
202,2021년 3월 10일,별표 5개 만점에 5개를 받았습니다.,좋아요,1
203,2021년 3월 10일,별표 5개 만점에 1개를 받았습니다.,"이 쓰레기들이ㅋㅋ 5g 라이트 9기가짜리가 같은 금액에 5g 라이트+로 바꼈으면 데이터도 12기가로 당연히 올려야지, 요금제 확인 안했으면 같은 돈 주고도 3기가 덜 받는거 계속 몰랐겠네ㅋㅋ 양아치들이네 완전",0
204,2021년 3월 9일,별표 5개 만점에 1개를 받았습니다.,즐거운시간들을,0
205,2021년 3월 9일,별표 5개 만점에 5개를 받았습니다.,좋아요.계속 사용합니다.계속,1
206,2021년 3월 9일,별표 5개 만점에 1개를 받았습니다.,간편등록했어요...로그인이 안되ㅣ요,0
207,2021년 3월 9일,별표 5개 만점에 5개를 받았습니다.,뭐... 옛날보단 나아지긴 했다 몇년됐긴 했지만 그때는 속도는커녕 앱도 번잡스러웠는데 지금은 훨씬 깔끔해지고 보기 편함,1
208,2021년 3월 8일,별표 5개 만점에 1개를 받았습니다.,로그인 안됨,0
209,2021년 3월 8일,별표 5개 만점에 1개를 받았습니다.,u+인터넷 가입자라 요금 보려고 열었는데 회원가입도 제대로 안되고 쓰레기 같네요 첫달 요금 영상으로 고지하면 뭐하나 어디로 돈 입금해야하는지 영상에 없는데..,0
210,2021년 3월 7일,별표 5개 만점에 5개를 받았습니다.,아주 좋아용 💚 👍 😘,1
211,2021년 3월 6일,별표 5개 만점에 1개를 받았습니다.,마 설정으로 알람 껏으면 제발 좀 꺼지든가 자꾸 뜨네,0
212,2021년 3월 6일,별표 5개 만점에 1개를 받았습니다.,제가 데이터 무제한이고 남편이 낮은 데이터를 써서 제가 데이터를 줘야하는데 1분씩 기다려서 1GB씩 주기가 힘드네요. 한 번에 데이터 10GB씩 줄 수 있게 해 주셨으면 좋겠네요.,0
213,2021년 3월 6일,별표 5개 만점에 1개를 받았습니다.,"결제정보를 변경하려고하는데 U+ 통신망 이용고객이 아니면 인증할 방법이 없네요.(x같은 아이핀 인증은 제외합시다.) PC로 접속하는 홈페이지에서도 언제적 NPAPI 설정을 안내하고있고, NPSKComm 플러그인은 검색해도 안나옵니다. UI만 리뉴얼하면 뭐합니까. 사용하는데 답답해서 글 남깁니다.",0
214,2021년 3월 5일,별표 5개 만점에 1개를 받았습니다.,앱 엉망 서비스 엉망 돈은 밝힘,0
215,2021년 3월 5일,별표 5개 만점에 5개를 받았습니다.,@♥19 ?ok235V+3R 평택시 경기도,1
216,2021년 3월 5일,별표 5개 만점에 1개를 받았습니다.,업데이트 이후에 데이터 무제한인데 앱이 데이터 연결안된다고 안열립니다,0
217,2021년 3월 4일,별표 5개 만점에 1개를 받았습니다.,이런걸 통신사라고 개설해놨냐?,0
218,2021년 3월 4일,별표 5개 만점에 5개를 받았습니다.,좋아요,1
219,2021년 3월 2일,별표 5개 만점에 5개를 받았습니다.,아주마음에듬,1
220,2021년 3월 2일,별표 5개 만점에 5개를 받았습니다.,"저는 중고폰으로 유심칩만 갈아끼운 알뜰폰 SKT유저인데요, 선생님. 저는 엘지유플 유저가 아닌데, 이 앱을 완전 삭제하는 방법은 없나요?",1
221,2021년 3월 1일,별표 5개 만점에 1개를 받았습니다.,아이디 로그인도 되지 않습니다.,0
222,2021년 3월 1일,별표 5개 만점에 1개를 받았습니다.,유플러스 봇 아이콘이 보고자하는 정보를 가리고 있어서 어떻게 해도 화면을 볼 수가 없습니다. 상식적으로 이런 아이콘은 위치 이동이 가능해야 하지 않나요?,0
223,2021년 3월 1일,별표 5개 만점에 4개를 받았습니다.,예수 믿고 구원 받읍시다~ㅇ...^^,1
224,2021년 3월 1일,별표 5개 만점에 1개를 받았습니다.,쓰레기,0
225,2021년 2월 28일,별표 5개 만점에 1개를 받았습니다.,CJ헬로모바일은 왜 이걸로 연결되는거에요? 연결은 꼭 이걸로 하라고 하고 가입은 안됐다고 메세지가 뜨고 개판이네,0
226,2021년 2월 27일,별표 5개 만점에 2개를 받았습니다.,사용하기 힘듬,0
227,2021년 2월 26일,별표 5개 만점에 1개를 받았습니다.,앱이업데이트도 안되고 엉망이네요,0
228,2021년 2월 26일,별표 5개 만점에 5개를 받았습니다.,편리하고 간편하게 모든내역을 볼수 있어 좋아요,1
229,2021년 2월 26일,별표 5개 만점에 5개를 받았습니다.,♡최고♡,1
230,2021년 2월 25일,별표 5개 만점에 1개를 받았습니다.,연결이나 됐으면 좋겠다.,0
231,2021년 2월 25일,별표 5개 만점에 5개를 받았습니다.,잘쓰고 있음.,1
232,2021년 2월 25일,별표 5개 만점에 1개를 받았습니다.,별점최소도아깝다~!! 사용않하는데..스팸광고발생~!!,0
233,2021년 2월 25일,별표 5개 만점에 1개를 받았습니다.,진짜 ㅋㅋ 말이 안나오네 회원가입하고 맞는 아이디 비밀번호를 입력해도 계속 없는 아이디라고 하고 이게 어플이냐?,0
234,2021년 2월 24일,별표 5개 만점에 1개를 받았습니다.,앱이 그지 같네,0
235,2021년 2월 24일,별표 5개 만점에 5개를 받았습니다.,최고중에 최고,1
236,2021년 2월 24일,별표 5개 만점에 5개를 받았습니다.,간단하고 편리하게 정보 요금확인 사용량 여러가지 확인할수있어서 좋읍니다. 앱을 개발해주어서 최고입니다.,1
237,2021년 2월 23일,별표 5개 만점에 4개를 받았습니다.,없음,1
238,2021년 2월 22일,별표 5개 만점에 1개를 받았습니다.,웬만하면 리뷰안다는데.. 다른어플 다 정상으로돌아가는데 유독 유플러스 고객센터어플만 미친듯이 느리고 연결이 어려워요 뭐하나 확인할라면 오래기다려야하네요,0
239,2021년 2월 22일,별표 5개 만점에 1개를 받았습니다.,LG폰 처음사용해봤는데 갤럭시로바꾸고싶네요,0
240,2021년 2월 22일,별표 5개 만점에 1개를 받았습니다.,데이터가 몇%남았는지 확인하려고 하는데 계속 로그인을 하라더라구요 그점좀 고쳐주세요ㅠㅠ,0
241,2021년 2월 22일,별표 5개 만점에 1개를 받았습니다.,접속 시간 넘 느려서 ~~~ 짜증~~ 타사대비 속도 저하 ~~,0
242,2021년 2월 21일,별표 5개 만점에 1개를 받았습니다.,데이터 3g는 아예 접속이 안됨 데이터 느려도 접속은 돼야 뭘 하지..^^ 이렇게 데이터 필요한 고객센터도 드물것,0
243,2021년 2월 21일,별표 5개 만점에 1개를 받았습니다.,난 이 앱을 깔고싶지 않았다,0
244,2021년 2월 21일,별표 5개 만점에 1개를 받았습니다.,리뷰 백날쓰면 뭐해 담당자가 있는지 모르겠지만 확인도 안하고.... u+ 17년 참고 쓰다가 이번에 sk로 갈아탓는데 좋은점이 한두개가 아니다 lgu+ 고객센터고 나발이고 안좋은점이 한둘도 아니고 그저 기고객들 요금빨아먹는 모기같은 기업 ^^ 폰은 갈아탓는데 인터넷에 tv 사은품 받은게 물려있어 피눈물 삼키면서 고객센터 어플 깔았는데 로그인 안됨.... 그저 역시나다 엿이나,0
245,2021년 2월 21일,별표 5개 만점에 1개를 받았습니다.,앱이 몇일째 안들어가져요..,0
246,2021년 2월 21일,별표 5개 만점에 1개를 받았습니다.,왜 자꾸 데이터를 연결하라는겨 켜져있는디,0
247,2021년 2월 20일,별표 5개 만점에 1개를 받았습니다.,별 하나도 아깝네요 무한 로딩입니다 들어가서 뭐좀 볼라고 하면 계속 로딩 ... 잘되다가 어느순간 갑자기 이러네요 어플로 요금조회랑 이것저것 했었는데 짜증나요,0
248,2021년 2월 20일,별표 5개 만점에 2개를 받았습니다.,자세히 보고 평가하지요?,0
249,2021년 2월 19일,별표 5개 만점에 4개를 받았습니다.,청솔,1
250,2021년 2월 19일,별표 5개 만점에 1개를 받았습니다.,앱이 잘열리지 않아 오류 많고 고객센터 직원들 테도도 불량함 질문만 하면 저희가 관여할 사항이 아니다라는 앵무새 대답만하고 진짜 맘에 안드는거 투성이다 또 앱보면 필요한정보 잘기제해 놓지도 않고 찾기어렵게 해놓고 고객센터에 해지관련문의로 전화넣음 통신사든 대리점이든 손해안보려 시간끌려고 서로 미루기 바쁨 그리고 처리안해주니 전화자주 한거가지고 고객센터 전화하니 직통으로 연결안되고 대리점으로 전화 돌려버림 대리점통해 해결이 안되니 고객센터 전화하는거잖아 또 클래임 거니까 대리점측도 태도불량하고 이러니 고객센터 연결되겠음? 대리점이랑 싸움만 나지 ㅡㅡ 고객센터랑 전화하려면 대리점측에 고객센터 연결해달라해야 고객센터 연결됨ㅋㅋ 10년 넘게 lg만 썼는데 이번 해지관련문의로 lg에게 정말 실망함 lg이제 거르고 다른 통신사로 옮길꺼다 기간 아직 1년이나 남았는데 빨리 기간 지나갔음 좋겠다 갈아타고 싶어도 갈아타지도 못하고 불편함 lg 인터넷보니 나랑 비슷한이유로 소비자 불만많던데 정신차리길,0
251,2021년 2월 18일,별표 5개 만점에 1개를 받았습니다.,앱이 안열려요,0
252,2021년 2월 18일,별표 5개 만점에 1개를 받았습니다.,위젯이 새로고침할려고 누르면 데이터에 접속하라는데 이게머죠??? 데이터에는 당연히 접속되있는데;;;;;데이터용량 알아야되는데 있으나마나한 위젯이네요 빨리 고쳐주세요!!!!!,0
253,2021년 2월 17일,별표 5개 만점에 1개를 받았습니다.,LG 돈많이들 벌어서 배가불렀네 ..,0
254,2021년 2월 17일,별표 5개 만점에 1개를 받았습니다.,접속이 어렵다,0
255,2021년 2월 17일,별표 5개 만점에 5개를 받았습니다.,아주 유용합니다,1
256,2021년 2월 16일,별표 5개 만점에 4개를 받았습니다.,잘모르겠어요,1
257,2021년 2월 16일,별표 5개 만점에 4개를 받았습니다.,적당해요,1
258,2021년 2월 16일,별표 5개 만점에 5개를 받았습니다.,보기편하게 상세히 알려줘서고맙습니다,1
259,2021년 2월 15일,별표 5개 만점에 3개를 받았습니다.,그저그래여,1
260,2021년 2월 15일,별표 5개 만점에 4개를 받았습니다.,요금자동결제날짜변경요망,1
261,2021년 2월 14일,별표 5개 만점에 1개를 받았습니다.,"이벤트 정보만 잔뜩이고..정작 데이터 사용량 같은 내 정보는 오류나서 보이지도 않고..정말 오래 써 왔는데, 해지할 때가 되었구나..갈아타야하나..ㅡㅡ",0
262,2021년 2월 14일,별표 5개 만점에 5개를 받았습니다.,좋아요,1
263,2021년 2월 14일,별표 5개 만점에 2개를 받았습니다.,다운이 안된다 ㅋ,0
264,2021년 2월 14일,별표 5개 만점에 1개를 받았습니다.,어이없네 로그인안되고 앱 왜 만든거임 고객센터는 개뿔,0
265,2021년 2월 14일,별표 5개 만점에 1개를 받았습니다.,너무 무거운 웹 100 배 큰 사이트보다 느리고 무겁고 클릭 마다 모든 인터페이스가 중복 해서 움직임 웹의 완성도가 현저히 낮음 전문성을 고려했음 합니다,0
266,2021년 2월 14일,별표 5개 만점에 5개를 받았습니다.,궁금한것이많아요데이터도알고싶고요금도알고십은데금약은안나오,1
267,2021년 2월 14일,별표 5개 만점에 5개를 받았습니다.,처음부터쓰기에 도움됨,1
268,2021년 2월 14일,별표 5개 만점에 2개를 받았습니다.,좋음,0
269,2021년 2월 12일,별표 5개 만점에 1개를 받았습니다.,별 1개 주기도 아깝습니다...고객센터앱을 이렇게 만들면 고객 맥이는건가요?,0
270,2021년 2월 12일,별표 5개 만점에 1개를 받았습니다.,우웩 그래도...우웩,0
271,2021년 2월 12일,별표 5개 만점에 1개를 받았습니다.,삭제좀 시켜줘,0
272,2021년 2월 11일,별표 5개 만점에 1개를 받았습니다.,앱에 접속 좀 되게 해주세요. 10번 클릭하면 1번 접속될까말까 합니다. 모든 휴대폰에서 똑같은 현상 발생하고 왜 오류 점검을 안하나요?,0
273,2021년 2월 11일,별표 5개 만점에 1개를 받았습니다.,좋음,0
274,2021년 2월 10일,별표 5개 만점에 1개를 받았습니다.,계속 업데이트 하라는 화면만 나오고 업데이트 껏다 켜도 소용이 없네요ㅠㅠ 접속조차 안됨ㅠ,0
275,2021년 2월 9일,별표 5개 만점에 1개를 받았습니다.,업데이트 할때마다 로딩길어짐 그래놓고 혜택축소 노답,0
276,2021년 2월 6일,별표 5개 만점에 1개를 받았습니다.,별하나도 아까움 로그인 불통,0
277,2021년 2월 6일,별표 5개 만점에 5개를 받았습니다.,조아요,1
278,2021년 2월 6일,별표 5개 만점에 4개를 받았습니다.,ㄷㄴ궂ㅇ,1
279,2021년 2월 5일,별표 5개 만점에 4개를 받았습니다.,"조금좋습니다, ..~~♡",1
280,2021년 2월 5일,별표 5개 만점에 3개를 받았습니다.,헬로모바일 알뜰폰 유플러스로 사용중인데 회원가입을 했는데 가입정보가 없다고 뜨는데 알뜰폰은 고객센터를 쓸수 없는건가요???,1
281,2021년 2월 4일,별표 5개 만점에 3개를 받았습니다.,어느순간부터 고객센터 앱이 열리지않네요 저만 그런건가요?,1
282,2021년 2월 4일,별표 5개 만점에 5개를 받았습니다.,자세한 정보 고맙습니다.ㅡㅡㅡ,1
283,2021년 2월 3일,별표 5개 만점에 1개를 받았습니다.,데이터주기 클릭을 도대체 몇번이나 눌러야합니까? 앱 느리고 개판이네요. 일부러 이렇게만든건지.,0
284,2021년 2월 2일,별표 5개 만점에 1개를 받았습니다.,왜안들어가지나요,0
285,2021년 2월 1일,별표 5개 만점에 1개를 받았습니다.,어플 삭제되게 해주세요 누가 필수 앱이라서 삭제가안되는거 모르는줄 압니까? 삭제가 안되는걸 삭제 되게 바꿔달라고요,0
286,2021년 2월 1일,별표 5개 만점에 1개를 받았습니다.,업그레이드해야된다고하는데 업그레이드해도안됨,0
287,2021년 1월 31일,별표 5개 만점에 1개를 받았습니다.,느리고 사용하기 힘들어요. 고의성이 다분..... 화나네여,0
288,2021년 1월 31일,별표 5개 만점에 1개를 받았습니다.,열리지가않아요 삼일째 어플를 열여고해도 열리지가않네 참 뭐한 어플 삼개월이 지나도 여전히 실행이안되는거지같은어플,0
289,2021년 1월 29일,별표 5개 만점에 5개를 받았습니다.,좋아요,1
290,2021년 1월 29일,별표 5개 만점에 5개를 받았습니다.,어느때던 수신을해서참조앗습니다,1
291,2021년 1월 29일,별표 5개 만점에 5개를 받았습니다.,지금부터 사용해보려고해요,1
292,2021년 1월 28일,별표 5개 만점에 5개를 받았습니다.,국내•해외에 영상통화 꼭 필요하오니 와이프연결로 설치할 수있는데 영상 꼭 이용할수있도록 하기바랍니다!!,1
293,2021년 1월 28일,별표 5개 만점에 3개를 받았습니다.,S21 울트라에서 너무 느려요.,1
294,2021년 1월 28일,별표 5개 만점에 1개를 받았습니다.,답답하네요 문제가 전혀 해결이 안되었습니다,0
295,2021년 1월 28일,별표 5개 만점에 1개를 받았습니다.,너무어려워요...,0
296,2021년 1월 27일,별표 5개 만점에 5개를 받았습니다.,추억의 U+핸드폰이라 좋고 안되거나 렉걸리면 불편한점많아서 저장된파일이나 데이터많이지울겁니당 함께제작자님 응원할께용~~♡♡,1
297,2021년 1월 26일,별표 5개 만점에 1개를 받았습니다.,"고객센터 이상해요. 앱도 이상하고 고객센터 직원은 공무원같아요.벽보고 떠드는 느낌입니다. 데이타도 전화도 안되는데 개선할 방법이 없다고만 하고. 삼성 AS기사가 집에 와서 전화, LTE 신호 테스트 해줬는데.. 전화는 테스트 도중 끊어질 정도로 안되고, 5G,LTE통신불가..와이파이 없으면 카톡도 안될지경. 삼성기사가 와서 체크했다니까 갑자기 고객센터 직원이 기사를 보내줬으나...아무것도 바뀐거 없어요. 심지어 현장기사와 고객센터 직원간 의사소통도 안되고 있었고. 앱에다 문의를 남겨도 똑같은 문장 복사해다 붙이고. 그래서 앞으로 엘지제품은 뭐든 다시는 안사기로 했어요.",0
298,2021년 1월 26일,별표 5개 만점에 3개를 받았습니다.,조아요,1
299,2021년 1월 25일,별표 5개 만점에 5개를 받았습니다.,좋음,1
300,2021년 1월 25일,별표 5개 만점에 1개를 받았습니다.,언제 업데이트 끝나노 답덥하네,0
301,2021년 1월 24일,별표 5개 만점에 1개를 받았습니다.,다른폰은 잘되는데 안되네요ㅡㅡ,0
302,2021년 1월 24일,별표 5개 만점에 3개를 받았습니다.,좋아요,1
303,2021년 1월 24일,별표 5개 만점에 5개를 받았습니다.,강력추천,1
304,2021년 1월 24일,별표 5개 만점에 5개를 받았습니다.,Good....,1
305,2021년 1월 23일,별표 5개 만점에 5개를 받았습니다.,굿,1
306,2021년 1월 23일,별표 5개 만점에 1개를 받았습니다.,어플이렇게허접스래만드는회사가잇다니.,0
307,2021년 1월 23일,별표 5개 만점에 1개를 받았습니다.,최악이네요.. 납부방법 변경하려고 했는데 정말 어렵네요 되지도 않고..,0
308,2021년 1월 23일,별표 5개 만점에 5개를 받았습니다.,조아요,1
309,2021년 1월 21일,별표 5개 만점에 1개를 받았습니다.,화가난다 사용할수가없다 참자참어 아후!,0
310,2021년 1월 21일,별표 5개 만점에 2개를 받았습니다.,너무 느리고 간편한지도 모르겠고 나름 장기고객인데 불편합니다,0
311,2021년 1월 21일,별표 5개 만점에 1개를 받았습니다.,회원가입조차 제대로 되지않는 미친앱? 인터넷 사용보류 1년 연장 가능하다고 해놓고선 3개월 후부터는 결재해버리는 미친회사?,0
312,2021년 1월 20일,별표 5개 만점에 1개를 받았습니다.,이거 지금 되는거 맞나요? 계속 화면이동중.....,0
313,2021년 1월 20일,별표 5개 만점에 1개를 받았습니다.,앱에 문제가 있다기보다는 u+ 자체에서 필요한정보를 일부러 찾기 힘들게 해놓았다는 느낌이 강하게 드는 어플이다 저렴하게 핸드폰 쓰고 싶으면 u+는 비추,0
314,2021년 1월 20일,별표 5개 만점에 5개를 받았습니다.,아주유용합니다. 굿,1
315,2021년 1월 20일,별표 5개 만점에 5개를 받았습니다.,조아,1
316,2021년 1월 20일,별표 5개 만점에 1개를 받았습니다.,아니 몇시간째 로그인이 안되는겁니까 애초에 로그인이 안되는 앱이 무슨 의미가 있나요,0
317,2021년 1월 20일,별표 5개 만점에 3개를 받았습니다.,조아요,1
318,2021년 1월 20일,별표 5개 만점에 1개를 받았습니다.,렉만 쳐걸리고 계속 들어가지지도 않네 거지같은 쓰레기 어플 ㅎ. 안그래도 lg u+ 인터넷도 그렇게 끊기고 거지같더니 앞으론 그냥 LG 관련된건 다 손절하고 쓰레기라고 생각하면 되겠네. 핸드폰 약정 끝나자마자 skt나 kt로 갈아탄다.,0
319,2021년 1월 20일,별표 5개 만점에 1개를 받았습니다.,앱 이따구로 만들거면 그냥 만들지 말았으면 좋겠네요 앱으로 가능한게 없네요. 전부 고객센터->가입대리점 루트로 전화해야 해결 가능하네요.,0
320,2021년 1월 19일,별표 5개 만점에 4개를 받았습니다.,좋은듯??,1
321,2021년 1월 19일,별표 5개 만점에 1개를 받았습니다.,엘지 유플러스 다시는 이용안함 욕나옴,0
322,2021년 1월 19일,별표 5개 만점에 1개를 받았습니다.,삭제기능도 없누...,0
323,2021년 1월 19일,별표 5개 만점에 3개를 받았습니다.,그냥 상담사연결,1
324,2021년 1월 19일,별표 5개 만점에 5개를 받았습니다.,좋아요,1
325,2021년 1월 19일,별표 5개 만점에 4개를 받았습니다.,좋아요 ㅋㅋ 😂,1
326,2021년 1월 19일,별표 5개 만점에 1개를 받았습니다.,장난하나,0
327,2021년 1월 18일,별표 5개 만점에 1개를 받았습니다.,갤럭시S20 울트라 사용자인데 실행하면 로딩하다 자동 종료됩니다 몇번을 재설치해도 계속 그럽니다 좀 해결바랍니다,0
328,2021년 1월 18일,별표 5개 만점에 1개를 받았습니다.,사용자 동의도 없이 업데이트 하고 머하는 앱이죠 ? 엘지가 언제 부터 중국이랑 똑같이 이용자들 감시 하면서 사용자 동의도 없이 업데이트 하는 회사 가 됀거죠 ?? ㅡㅡ,0
329,2021년 1월 18일,별표 5개 만점에 1개를 받았습니다.,이앱은안될때가너무많아 답답해미치겠네,0
330,2021년 1월 18일,별표 5개 만점에 1개를 받았습니다.,걍 접속이 안됨 ㅠ왜그런지 이유를 찾고싶음 회색 배경에서 5분 대기타도 그 화면 그대로 ui가 문제인건지 서버에 문제가 있는건지 sm 분들이 해결좀 해주세요,0
331,2021년 1월 18일,별표 5개 만점에 1개를 받았습니다.,이 앱 뭐야? 접속 안되고 계속 꺼지고 이정도밖에 안되나 엘지? 도데체 뭐하는 앱이야?,0
332,2021년 1월 18일,별표 5개 만점에 1개를 받았습니다.,너무 최악입니다. 느리고 불편합니다.@%@~%#^#&,0
333,2021년 1월 18일,별표 5개 만점에 5개를 받았습니다.,유플러스 추천합니다. 유플러스 인기짱 발전하길 바랍니다. 미래로 기대합니다.,1
334,2021년 1월 17일,별표 5개 만점에 1개를 받았습니다.,속도 왜 이리 느림? 예전엔 안그러던데,0
335,2021년 1월 17일,별표 5개 만점에 1개를 받았습니다.,점검했다고 해서 다시 접속하려고 해도 여전히 불통이네요. 말씀하시는대로 데이터삭제도 해봤고 어플 삭제도 했다가 다시 깔았는데 접속안됩니다. 실시간 요금이나 간단한 거 확인하려고 다운받는건데 접속조차 안되니 그럴때마다 일일이 고객센터 전화해서 확인해야하나요?,0
336,2021년 1월 17일,별표 5개 만점에 1개를 받았습니다.,자꾸만 반복적이라,0
337,2021년 1월 17일,별표 5개 만점에 5개를 받았습니다.,굿,1
338,2021년 1월 17일,별표 5개 만점에 1개를 받았습니다.,와나 압자체가 실행안되는겅 너무함. 한달가까이. 이럼 돈 안내도 무죄아님?,0
339,2021년 1월 17일,별표 5개 만점에 1개를 받았습니다.,정말 최악임 짐 몇일째 접속이 안되는지.. 우리나라 삼대 통신사이면서 고객센테하나 관리도 못합니까? 이래서야 유프러스를 믿고 사용하겠습니까!!!,0
340,2021년 1월 16일,별표 5개 만점에 5개를 받았습니다.,좋음,1
341,2021년 1월 16일,별표 5개 만점에 1개를 받았습니다.,야발련들아 왜 안지워지는데,0
342,2021년 1월 16일,별표 5개 만점에 1개를 받았습니다.,넘느림니다,0
343,2021년 1월 16일,별표 5개 만점에 1개를 받았습니다.,켜지지 않음,0
344,2021년 1월 15일,별표 5개 만점에 5개를 받았습니다.,좋아요,1
345,2021년 1월 15일,별표 5개 만점에 1개를 받았습니다.,아니 실행도 안되고 꺼지는 앱은 뭐야. 얼른 기간 채우고 옮겨야,0
346,2021년 1월 15일,별표 5개 만점에 1개를 받았습니다.,앱깔고 실행하면 그냥 꺼지는 어플을 왜 만드신거죠ㅠㅠ,0
347,2021년 1월 15일,별표 5개 만점에 1개를 받았습니다.,앱이 화면이동중입니다 에서 안열려요 어찌쓰라는건가요 ㅠㅠ,0
348,2021년 1월 15일,별표 5개 만점에 5개를 받았습니다.,선명하고 깨끝함니다,1
349,2021년 1월 14일,별표 5개 만점에 5개를 받았습니다.,버팀목자금,1
350,2021년 1월 14일,별표 5개 만점에 1개를 받았습니다.,앱 설치하고 실행하면 바로 꺼져버림 권한 허용까지 한 직후에 그냥 꺼져버림 몇번 지웠다 깔아도 안됨 설치를 했는데 사용을 못함 어떻게 해야되나요?,0
351,2021년 1월 14일,별표 5개 만점에 3개를 받았습니다.,속도가느리거나아에먹통아~짜증나네요,1
352,2021년 1월 14일,별표 5개 만점에 1개를 받았습니다.,뭐야 켜지지도않고 짜증,0
353,2021년 1월 14일,별표 5개 만점에 1개를 받았습니다.,이것 설치하니까 집 인터넷도 이상해진것 같아서 삭제했어요,0
354,2021년 1월 13일,별표 5개 만점에 3개를 받았습니다.,잘 모름,1
355,2021년 1월 13일,별표 5개 만점에 1개를 받았습니다.,어플리케이션 실행 자체가 안 됩니다,0
356,2021년 1월 13일,별표 5개 만점에 4개를 받았습니다.,Ok,1
357,2021년 1월 13일,별표 5개 만점에 1개를 받았습니다.,사용이 불가합니다. 최악입니다. 한번도 연결된적이 없어요.고심중,0
358,2021년 1월 13일,별표 5개 만점에 1개를 받았습니다.,나 어플리뷰 태어나서 처음써봄. 이정도 대기업 어플이 이딴 쓰레기라니 어처구니가없네. 그냥 길거리공장생산품파는 기업도 아니고 통신사 업체인데 어플이 왜 이따위임. 실행도안되고 진짜 실망이다.,0
359,2021년 1월 13일,별표 5개 만점에 5개를 받았습니다.,7년동안 같은 통신사를 쓰고 있어요,1
360,2021년 1월 13일,별표 5개 만점에 1개를 받았습니다.,어플왜 안열려요??? 설치삭제를 몇번을 했는지...,0
361,2021년 1월 12일,별표 5개 만점에 1개를 받았습니다.,아예 들어가지지가 않네요 별을 줄수가 없어요,0
362,2021년 1월 12일,별표 5개 만점에 1개를 받았습니다.,서비스 이용 원활하지 않다는 메세지를 접속시도할때마다 보는듯 합니다 개선좀 하시죠?,0
363,2021년 1월 12일,별표 5개 만점에 4개를 받았습니다.,좋아요,1
364,2021년 1월 12일,별표 5개 만점에 1개를 받았습니다.,계속튕기고 앱에 들어가지지도않는데 뭐하러 다운하라고 나둿는지 이해할수가 없네ㅋㅋㅋㅋㅋ,0
365,2021년 1월 10일,별표 5개 만점에 1개를 받았습니다.,제폰은 kt고 딸이 u+라 딸거 보려고 들어갓더니 동의누르래서 눌렀더니 걍 꺼지네요 타통신사는 접속도 안돼나요?!!!!!!!!!,0
366,2021년 1월 10일,별표 5개 만점에 1개를 받았습니다.,걍 lg u+ 인터넷은 3사 최악이다. 항상 기차타고 집갈 때마다 느끼는데 조치원 근처 지날때면 인터넷이 먹통이다. 기지국도 없나?? 약정 끝나면 유플러스는 다신 안쓴다.,0
367,2021년 1월 10일,별표 5개 만점에 5개를 받았습니다.,데이터가 부족해 뱅글뱅글 돌고만 있는데??? 벌점을 5개 드렸습니다,1
368,2021년 1월 9일,별표 5개 만점에 1개를 받았습니다.,이리 오류많은 앱도 드물듯,0
369,2021년 1월 9일,별표 5개 만점에 1개를 받았습니다.,삭제 좀 할 수 있게 해주세요.,0
370,2021년 1월 9일,별표 5개 만점에 5개를 받았습니다.,Ui가 좋음.,1
371,2021년 1월 9일,별표 5개 만점에 1개를 받았습니다.,이엡이 있는이유 뭐예요? 저장공간만 차지하고 저에게 불필요한 피해가 입네요 죄송하진만 저는 이거 삭제한것을 추천 합니다,0
372,2021년 1월 9일,별표 5개 만점에 1개를 받았습니다.,"다운로드 대기중으로만 떠요,,,,,,,,,",0
373,2021년 1월 9일,별표 5개 만점에 5개를 받았습니다.,좋아요,1
374,2021년 1월 8일,별표 5개 만점에 1개를 받았습니다.,접속이왜안되나요...,0
375,2021년 1월 8일,별표 5개 만점에 1개를 받았습니다.,"렉, 버퍼링이 너무 심해서 20분째 기다리고 있어요 ㅠ",0
376,2021년 1월 8일,별표 5개 만점에 1개를 받았습니다.,진짜 앱이 최악이다. 느리고 불편하다. kt 쓰다가 이거 쓰니 진짜 비교된다. 특히 겜 켜놨는데 청구서 도착 알림 전체 화면으로 떠있는거 보고 순간 핸폰 부술뻔 했다. 이건 앱 자체 알림을 끄지 않는 한 무조건 뜨더라. 어느순간부터 사라진 최악에 알림을 아직도 쓰다니 유플 수준이 어떤지 알겠다. 약정만 끝나면 엘지 떠나서 절대 다시 안올꺼다.,0
377,2021년 1월 8일,별표 5개 만점에 4개를 받았습니다.,이용을잘안하는편입니다.복잡하기때문에.절차도이건되거저건안되어서요,1
378,2021년 1월 7일,별표 5개 만점에 1개를 받았습니다.,이거왜 안됨??,0
379,2021년 1월 7일,별표 5개 만점에 1개를 받았습니다.,지금 접속이 아예몇일동안 안됨..,0
380,2021년 1월 7일,별표 5개 만점에 1개를 받았습니다.,어제부터 접속자체가 안되고 계속 앱이 튕깁니다....해결부탁드립니다ㅠㅠ,0
381,2021년 1월 7일,별표 5개 만점에 5개를 받았습니다.,편리하네요,1
382,2021년 1월 7일,별표 5개 만점에 5개를 받았습니다.,조아여,1
383,2021년 1월 7일,별표 5개 만점에 3개를 받았습니다.,잘쓸께요,1
384,2021년 1월 7일,별표 5개 만점에 2개를 받았습니다.,문자확인하기,0
385,2021년 1월 7일,별표 5개 만점에 1개를 받았습니다.,lg 장기 고객이다.갈수록 족같아 진다.폰은 폰대로 lptv도 족같이 끊기고.. 폰으로 주식 하는데 족같아서 20년동안 사용한 lg..sk로 넘어간다.가족5명 더이상 족같아서 못 쓰겠다,0
386,2021년 1월 6일,별표 5개 만점에 1개를 받았습니다.,도대체 왜 접속이 안되나요? 앱이 자꾸 꺼집니다. 실행하면 로고만 보이다가 꺼져요. 빨리 개선해주세요.,0
387,2021년 1월 6일,별표 5개 만점에 3개를 받았습니다.,좋아요,1
388,2021년 1월 5일,별표 5개 만점에 1개를 받았습니다.,"최근 자동업데이트 후 로고화면만 보이다가 꺼져버립니다. 전체 삭제후 초기설치를 몇차례 하였으나, 동일 현상이 계속됩니다. 신속처리 바랍니다.",0
389,2021년 1월 5일,별표 5개 만점에 1개를 받았습니다.,"이것저것 다 해봤는데도 업데이트 먹통 고객센터에서도 모름 ㅋㅋ 여러 통신사를 써봤지만 그중 최악임, 무슨근거로 고객만족 1위 앱이라는 어플설명에 올려뒀는지 모르겠지만 역시 헬쥐는 헬쥐 두번다시 엘지는 쓸일 없을듯",0
390,2021년 1월 5일,별표 5개 만점에 1개를 받았습니다.,안드로이드 11 지원해주세요. 100% 종료됨,0
391,2021년 1월 4일,별표 5개 만점에 1개를 받았습니다.,최악이네 실행이 안되어 재설치해서 로그인할려니 가입되지 않은 고객 이란 멘트 뜨고 다시해도 똑같네.. 머 이따구지 8년썻는데 갈아탈때 댄건가,0
392,2021년 1월 4일,별표 5개 만점에 1개를 받았습니다.,Skt통신사 갤s20 폰사용주인데 이번에 인터넷 티비 u플러스 가입했는데 고객센터 앱이 열리지를 않슴다. 별에 별 방법을 해도 안되는데 어찍 해야 하나요??,0
393,2021년 1월 4일,별표 5개 만점에 1개를 받았습니다.,앱이 작동을 안하네 접속 자체도 안되고 계속 자동 종료됨,0
394,2021년 1월 3일,별표 5개 만점에 2개를 받았습니다.,그냥 남들이 안좋다고하니까 안좋은 거겠죠. 개선의지도 없는걸로 판단 2점드림,0
395,2021년 1월 3일,별표 5개 만점에 5개를 받았습니다.,좋아요,1
396,2021년 1월 3일,별표 5개 만점에 5개를 받았습니다.,노인장기,1
397,2021년 1월 2일,별표 5개 만점에 1개를 받았습니다.,아니 여기 왜 자꾸 이러시는거에여 여기 추심도 심하고 말도 안하고 자기 멋대로 해지하고 쓰는걸 떠나서 너무하신거 아닌가요,0
398,2021년 1월 2일,별표 5개 만점에 1개를 받았습니다.,최악임,0
399,2021년 1월 1일,별표 5개 만점에 1개를 받았습니다.,강제 업데이트 안 하면 못쓰게 하는거 최악,0
400,2021년 1월 1일,별표 5개 만점에 4개를 받았습니다.,박해영,1
401,2021년 1월 1일,별표 5개 만점에 1개를 받았습니다.,앱 접속 자체가 안됩니다,0
402,2021년 1월 1일,별표 5개 만점에 4개를 받았습니다.,조아요,1
403,2021년 1월 1일,별표 5개 만점에 1개를 받았습니다.,서비스 이용은 왜 자꾸 원활하지 않은건데,0
404,2021년 1월 1일,별표 5개 만점에 4개를 받았습니다.,4G 나왔을때 타사보다 좋아 사용하고 있습니다. 5G도 실망시키지 않는 U+가 됐으면~~~^^,1
405,2020년 12월 31일,별표 5개 만점에 5개를 받았습니다.,잘 됍니다,1
406,2020년 12월 31일,별표 5개 만점에 1개를 받았습니다.,진짜 KT쓰다 어제 LG UPlus로 넘어왔는데.. 와벌써부터 구린게 확 느껴지네. 아니무슨 고객센터어플접속을 한10번했는데 전부 하얀화면만 나오고 접속이 안되냐. 내폰이 그렇다고 막 특이폰도 아닌데.. 진심 구리다구려. 이전에도 유쁠 폰쓰다가 지하철에서 안터져서 분노폭발직전이였는데 난 왜또 이젠 개선되었겠지라는 막연한 생각에 가입을 또 한걸까... 후회막심이다.,0
407,2020년 12월 30일,별표 5개 만점에 1개를 받았습니다.,앱이 왜 안열리나요,0
408,2020년 12월 30일,별표 5개 만점에 1개를 받았습니다.,"계속 자동 종료됩니다, 지우고 깔고를 십회이상 반복했는데 저만 있는 증상 이 아닌듯합니다. 조속히 개선해주세요",0
409,2020년 12월 30일,별표 5개 만점에 1개를 받았습니다.,어플안돼 ㅡㅡ,0
410,2020년 12월 29일,별표 5개 만점에 1개를 받았습니다.,최악의 앱입니다. 나름 대한민국 3대 메이저 통신사임에도 불구하고 알뜰폰 고객센터 앱보다 불안정하며 간단한 업무볼때도 서비스 이용이 원활하지 않다며 뒤로가기가 아닌 앱 종료를 시켜버려 로그인 단계부터 하나하나 다시해야합니다. 더욱 짜증나는건 다시 로그인해서 처음부터 한다고 안튕기는게 아니고 2~3번 반복해서 어플이 꺼집니다. 아니 서비스 이용이 원활하지 않은건 알겠는데 왜 어플을 종료하는지.. 그리고 요금제 변경같은 업무는 잘 처리해주면서 일시정지나 부가서비스 해지같은 업무는 114로 전화연결도 매우 어렵게 해놓고 어플로는 찾기도 어려우며 하다가 자꾸 꺼지는게 고의인 것 처럼 느껴지네요..,0
411,2020년 12월 29일,별표 5개 만점에 5개를 받았습니다.,나쁘지않음,1
412,2020년 12월 29일,별표 5개 만점에 1개를 받았습니다.,별하나 주기도 아깝네요 어플깔고 제대로 확인한건 손가락으로 꼽을정도.. 뭔놈에 어플이 화면이동한다고하고 함흥차사야...!,0
413,2020년 12월 29일,별표 5개 만점에 5개를 받았습니다.,Good,1
414,2020년 12월 29일,별표 5개 만점에 5개를 받았습니다.,좋았음,1
415,2020년 12월 28일,별표 5개 만점에 1개를 받았습니다.,절대 lg쓰지마삼 12월23일 인터넷 가입신청하고 28일설치 해달라 부탁함 28일 감감 무소식 인터넷 설치기사 일주일후에나 가능하다함 고객센터 김소리상담원 어쩔수 없으니 기존 인터넷 해지하지말고 연장하라함 이게 말이됨 설치부터 암 덩어리인데 쓰다가 고장났으면 어쩔뻔 했음 ㅋㅋㅋ 이번에 브로드밴드 할때 핸드폰도sk로 갈아탈거임 lg는 안쓰는게 답인듯...,0
416,2020년 12월 28일,별표 5개 만점에 1개를 받았습니다.,별주고싶은 마음 없다. 거의 10년 좀 못되게 썻는데 갈아타야겠다.,0
417,2020년 12월 28일,별표 5개 만점에 5개를 받았습니다.,좋아요.,1
418,2020년 12월 28일,별표 5개 만점에 1개를 받았습니다.,업뎃이 먹통,0
419,2020년 12월 28일,별표 5개 만점에 1개를 받았습니다.,지금 앱 들어갈때 자꾸 팅기고 안들어가져요...,0
420,2020년 12월 27일,별표 5개 만점에 5개를 받았습니다.,원조경,1
421,2020년 12월 27일,별표 5개 만점에 5개를 받았습니다.,좋아요너무 좋아요,1
422,2020년 12월 27일,별표 5개 만점에 5개를 받았습니다.,조아조아,1
423,2020년 12월 27일,별표 5개 만점에 1개를 받았습니다.,방금 깔았는데 실행이 안되는건 무슨 경우죠,0
424,2020년 12월 26일,별표 5개 만점에 5개를 받았습니다.,좋아요,1
425,2020년 12월 26일,별표 5개 만점에 5개를 받았습니다.,괜찮아보입니다,1
426,2020년 12월 26일,별표 5개 만점에 1개를 받았습니다.,방금가입한 계정도 인식을 못합니까,0
427,2020년 12월 26일,별표 5개 만점에 5개를 받았습니다.,아주 좋습니다 최고,1
428,2020년 12월 25일,별표 5개 만점에 1개를 받았습니다.,뭐손댓나 통신망 곱창낫노 개끊기네,0
429,2020년 12월 25일,별표 5개 만점에 3개를 받았습니다.,그냥 무나놤,1
430,2020년 12월 24일,별표 5개 만점에 5개를 받았습니다.,해피하게좋아요,1
431,2020년 12월 24일,별표 5개 만점에 4개를 받았습니다.,업데이트 이후에 로딩이 너무 오래걸리네요... 네 이제 괜찮아진 것 같네요. 답변 감사합니다.,1
432,2020년 12월 23일,별표 5개 만점에 1개를 받았습니다.,정말.... 어플때문에 튱신사 해지 아니... 내정보본다는대 어플이 들어가줘야 멀..,0
433,2020년 12월 23일,별표 5개 만점에 1개를 받았습니다.,앱이걍안되요 요금이얼마나가는지 확인해보고싶은데 걍 티비인터넷도 계약 기간 끝나면 끊어버려야지ㅠㅠ,0
434,2020년 12월 23일,별표 5개 만점에 1개를 받았습니다.,어플이 멍청해요. 회원가입하라해서 했는데 사용자 정보가 없다고 뜨고 심심하면 브라우저 열어서 해결하라합니다. 이런 멍청한 어플을 만드는데 인력쓰지 말고 그냥 사이트하나로 해결하는게 더 생산성있겠네요.,0
435,2020년 12월 23일,별표 5개 만점에 1개를 받았습니다.,로그인시 않됨,0
436,2020년 12월 23일,별표 5개 만점에 1개를 받았습니다.,별한개도아깝다 하루종일 이용자가 많은가봄,0
437,2020년 12월 23일,별표 5개 만점에 1개를 받았습니다.,서비스 너무 별로,0
438,2020년 12월 23일,별표 5개 만점에 1개를 받았습니다.,아 하루종일 로딩만 함. 들어가지긴 하나요? 화딱지나네요 앱으로 사람 테스트하는 것도 아니고^____^,0
439,2020년 12월 23일,별표 5개 만점에 2개를 받았습니다.,전에쓰던게 kt였는데 기능면 속도면 으로 차이가 꽤나는것처럼느껴짐,0
440,2020년 12월 22일,별표 5개 만점에 1개를 받았습니다.,이 앱이 존재하는 이유를 모르겠다....,0
441,2020년 12월 22일,별표 5개 만점에 3개를 받았습니다.,선생님들 로그인을 하는데 서비스이용이원할하지않습니다.이렇게뜨고 접속자가 많다고 안들어가는데 어떻게 하나요..기달려야하나,1
442,2020년 12월 22일,별표 5개 만점에 5개를 받았습니다.,굿,1
443,2020년 12월 21일,별표 5개 만점에 5개를 받았습니다.,수고하세요,1
444,2020년 12월 21일,별표 5개 만점에 5개를 받았습니다.,좋네요 감사합니다,1
445,2020년 12월 21일,별표 5개 만점에 3개를 받았습니다.,ㅡㅅ츠,1
446,2020년 12월 19일,별표 5개 만점에 1개를 받았습니다.,집에 인터넷 TV쓰고있어서 앱들어가서 확인하려고하는데 앱이 아예 실행도 안되네 ㄷㄷ 웹사이트로 들어가봐야하나.. ㄷㄷ,0
447,2020년 12월 19일,별표 5개 만점에 5개를 받았습니다.,최고,1
448,2020년 12월 19일,별표 5개 만점에 5개를 받았습니다.,데이터가 얼마 남았는지 알기 좋고 너무좋아요,1
449,2020년 12월 19일,별표 5개 만점에 5개를 받았습니다.,좋아요,1
450,2020년 12월 19일,별표 5개 만점에 5개를 받았습니다.,좋아요,1
451,2020년 12월 19일,별표 5개 만점에 1개를 받았습니다.,넘느립니다 요금제대비 서비스가 너무 아니옵니다 8년째이용인데 타통신사로 갈아탈때가 된거같습니다 업데이트 10분째 돌기만하네요 뭐가문제인가요,0
452,2020년 12월 18일,별표 5개 만점에 1개를 받았습니다.,5G쓰고있는데 와이파이보다느림 진짜 이돈주고왜쓰고잇나싶다,0
453,2020년 12월 18일,별표 5개 만점에 1개를 받았습니다.,지금 몇주째 서비스가 원할하지 않다고 집속이 안되는데 도대체 언제쯤 원할해 질까요?? 고칠 생각은 있으신건가요??,0
454,2020년 12월 17일,별표 5개 만점에 5개를 받았습니다.,🤔,1
455,2020년 12월 17일,별표 5개 만점에 1개를 받았습니다.,업데이트가안되는이유가뭘까요,0
456,2020년 12월 17일,별표 5개 만점에 1개를 받았습니다.,계속업데이터시켜서 오류수벙좀,0
457,2020년 12월 17일,별표 5개 만점에 1개를 받았습니다.,접속이안됨,0
458,2020년 12월 16일,별표 5개 만점에 5개를 받았습니다.,아주편리해서좋아요,1
459,2020년 12월 16일,별표 5개 만점에 5개를 받았습니다.,좋아요,1
460,2020년 12월 15일,별표 5개 만점에 1개를 받았습니다.,맨날 짜증나게 업데이트해 킬때마다 무슨ㅡㅡ,0
461,2020년 12월 15일,별표 5개 만점에 5개를 받았습니다.,항상1등!!,1
462,2020년 12월 15일,별표 5개 만점에 5개를 받았습니다.,조아요,1
463,2020년 12월 15일,별표 5개 만점에 5개를 받았습니다.,만족,1
464,2020년 12월 15일,별표 5개 만점에 3개를 받았습니다.,인터넷도 잘 되고 통화도 잘되는데 고객센터 앱 실행 후 생년월일 치고. 로그인 버튼 누르면 서비스 이용이 원활하지 않다면서 앱이 종료됩니다. 몇일째 그대로에요... 고쳐주세요!!!!!!!!!!!!!,1
465,2020년 12월 15일,별표 5개 만점에 5개를 받았습니다.,편리하고.쉽고.간단하다. 휴대폰 교체한지 이십여일 서서히 적응되어간다 완벽히 다루긴 아직 서툴지만 하나하나 알아가는 재미가 쏠쏠하다 산두달후가 더욱 기대되고 그때쯤이면 완벽히 적응하려나 기대되고 설레인다 더나은 희망과 내일을 기다린댜 유플러스고객센터에 감사를 표합니다.,1
466,2020년 12월 14일,별표 5개 만점에 3개를 받았습니다.,계속다운로드대기중입니다.,1
467,2020년 12월 14일,별표 5개 만점에 4개를 받았습니다.,아직 사용안해지만 좋을것같음,1
468,2020년 12월 13일,별표 5개 만점에 5개를 받았습니다.,복건방,1
469,2020년 12월 13일,별표 5개 만점에 1개를 받았습니다.,최근에 끊킴현상이 너무심함.. 몇년동안 그냥그냥 썼는데.. 최근들어 라디오어플이 자꾸끊키길래.. 짜증나다 네이버검색창을 확인해보니 같이 안넘어감!.. 그동안 라디오어플문제로 알고 있었는데.. 유플러스 통신사문제였음!! 문제가 뭐임? 빠른 복구바람!,0
470,2020년 12월 13일,별표 5개 만점에 1개를 받았습니다.,업데이트가 안되네요,0
471,2020년 12월 13일,별표 5개 만점에 1개를 받았습니다.,와 욕나오네 업데이타가 3이넘어도 아직 안되네 5g라 빠를줄알았는데 똑갈네 내가왜 lg를 선택했는지 후회 막심하다,0
472,2020년 12월 13일,별표 5개 만점에 5개를 받았습니다.,사랑감사,1
473,2020년 12월 12일,별표 5개 만점에 5개를 받았습니다.,좋아요,1
474,2020년 12월 12일,별표 5개 만점에 5개를 받았습니다.,너무 빠르고 좋아요,1
475,2020년 12월 12일,별표 5개 만점에 4개를 받았습니다.,광고가 너무 많아요 인터넷이 너무느려요,1
476,2020년 12월 12일,별표 5개 만점에 5개를 받았습니다.,좋아요,1
477,2020년 12월 11일,별표 5개 만점에 5개를 받았습니다.,좋은어플입니다,1
478,2020년 12월 11일,별표 5개 만점에 5개를 받았습니다.,좋음,1
479,2020년 12월 11일,별표 5개 만점에 1개를 받았습니다.,깔린 앱 중 최악..,0
480,2020년 12월 11일,별표 5개 만점에 1개를 받았습니다.,데이터가 잘 안터지네요. (지역 : 가평 현리) 수년을 써온 고객으로 정으로라도 쓰려했는데 슬슬 통신사 바꿀 시기가 온듯,0
481,2020년 12월 11일,별표 5개 만점에 5개를 받았습니다.,매우만족,1
482,2020년 12월 11일,별표 5개 만점에 1개를 받았습니다.,전에도 원할하지 않다고 못 들어가더니 아직도 이슈가 그대로네요? 뭐하고 계신거예요?,0
483,2020년 12월 11일,별표 5개 만점에 5개를 받았습니다.,편리한 기능이 넘 좋아요,1
484,2020년 12월 11일,별표 5개 만점에 2개를 받았습니다.,전화 요금이 얼마 나왔는지를 알수있는데 스팸을 설치하는 게 까다로워요,0
485,2020년 12월 10일,별표 5개 만점에 5개를 받았습니다.,쉽고 알기쉽게 해주세요,1
486,2020년 12월 10일,별표 5개 만점에 5개를 받았습니다.,없어요,1
487,2020년 12월 10일,별표 5개 만점에 1개를 받았습니다.,고객센터에서 폰결재 차단해지해도 앱 결재를 하려면 차단된것으로 나와요 전에는 안그랬는데 최근에 그러해요,0
488,2020년 12월 10일,별표 5개 만점에 5개를 받았습니다.,이거 데이터도 볼 수 있고요 다만 와이파이나 데이터가 없으면 작동이 안돼드라고요 그래도 여러 가지 성능과 바꿀 수 있는것도 많아요 이거 꽤 괜찮은 어플이에요,1
489,2020년 12월 10일,별표 5개 만점에 1개를 받았습니다.,무슨업데이트하니까 로그인이 자꾸풀려서 뭘할수가없네요 에휴,0
490,2020년 12월 10일,별표 5개 만점에 1개를 받았습니다.,통신사 앱이 이렇게 불안정한데 통신망은 괜찮을까? 의문이 생기게 만드는 앱. 앱이 켜질지 안켜질지 두근거리면서 열어보면 두 번에 한 번은 안된다. 특히 고지서 문자로 띡 보내고 앱을 멈춰두었을 때.. 멈출때 비로소 보이는 나의 마음을 알 수 있다. skt쓸 껄...,0
491,2020년 12월 10일,별표 5개 만점에 5개를 받았습니다.,굳,1
492,2020년 12월 10일,별표 5개 만점에 5개를 받았습니다.,좋아요,1
493,2020년 12월 10일,별표 5개 만점에 5개를 받았습니다.,사진에 선명도가 좋습니다,1
494,2020년 12월 10일,별표 5개 만점에 5개를 받았습니다.,항상 기분좋게 만드는 통신사 같어요 간혹은 아니지만,1
495,2020년 12월 10일,별표 5개 만점에 1개를 받았습니다.,왜이렇게느린건지 ...... 느리고 오류에 ..... 쓰라고 있는건지.... 화내라고있는건지 모르겠는 앱.... 지워지지도 않아 ... ㅇㅅㅇ 쓸모없는앱,0
496,2020년 12월 10일,별표 5개 만점에 2개를 받았습니다.,업데이트 강요ㅡㅡ,0
497,2020년 12월 10일,별표 5개 만점에 1개를 받았습니다.,빠르게 복구 같은 소리 하고 자빠졌네 야 11월 중순 부터 이 짖거리 인데 12월 10일이다 한달째 소액결제 및 컨텐츠 이용료 한도 변경 할려니 원할한이용 불가 ㅋㅋㅋㅋㅋ앱 종료됨 이건 통신사 이동 각 아니냐 짱개 하고 손잡더니 미쳤구나 니들이,0
498,2020년 12월 10일,별표 5개 만점에 5개를 받았습니다.,굿,1
499,2020년 12월 10일,별표 5개 만점에 1개를 받았습니다.,아니 맨날 접속이 안되고잇어ㅡㅡ 이벤트만업데이트하지말구 기존에잇는거나 잘해죠요... 답답해 미치것습니다.,0
500,2020년 12월 10일,별표 5개 만점에 1개를 받았습니다.,어플이안되네요,0
501,2020년 12월 10일,별표 5개 만점에 3개를 받았습니다.,참좋네요,1
502,2020년 12월 10일,별표 5개 만점에 1개를 받았습니다.,짜증나! 접속이 안되! 진짜 유플 서비스 이딴식이면 통신사 옮기고 싶지 않겠나!,0
503,2020년 12월 10일,별표 5개 만점에 1개를 받았습니다.,안들어가져서 확인하러 왔는데 벌써 2주 넘긴거 였고 ㅋㅋ,0
504,2020년 12월 10일,별표 5개 만점에 1개를 받았습니다.,대기자가 많다고 계속 몇 분 넘게 기다리는데도 안되네요,0
505,2020년 12월 10일,별표 5개 만점에 1개를 받았습니다.,무슨앱자체가 대기가많아서 기다려야하고 대기끝나면 화면이 다음으로안넘어감 그리고 한번은 하얀색화면에 무슨버그같은거뜸 장기사용자인데 그렇다고 무슨혜택도 하나있는 엘티이 무료쿠폰쓸라해도 들어가져야쓰지 내가 이번에 통신사갈아탄다,0
506,2020년 12월 10일,별표 5개 만점에 1개를 받았습니다.,왜업데이트도안되고 접속도안될까요,0
507,2020년 12월 10일,별표 5개 만점에 5개를 받았습니다.,대체로 빠르고 좋습니다,1
508,2020년 12월 9일,별표 5개 만점에 5개를 받았습니다.,내역이 잘보여서 좋네요,1
509,2020년 12월 9일,별표 5개 만점에 5개를 받았습니다.,굿,1
510,2020년 12월 9일,별표 5개 만점에 1개를 받았습니다.,안열려,0
511,2020년 12월 9일,별표 5개 만점에 1개를 받았습니다.,사람 쫌만몰리면접속자체가안됨 개짜증,0
512,2020년 12월 9일,별표 5개 만점에 5개를 받았습니다.,업데이트속도가너무늣씀니다,1
513,2020년 12월 9일,별표 5개 만점에 3개를 받았습니다.,고객상담사 이다솜씨 화이팅!,1
514,2020년 12월 9일,별표 5개 만점에 1개를 받았습니다.,도대체 점검은 언제 제대로 되는겁니까. 앱이 몇주째 제대로 작동을 안하는데 불편해서 원.,0
515,2020년 12월 8일,별표 5개 만점에 1개를 받았습니다.,새벽시간대엔 업데이트도 안되는건가요? 로딩자체가 안되고있어요~ 데이터랑 저장공간은 문제없습니다 업뎃이되야 들어가보든 할건데.. 자주 이용하는 앱은 아니지만 너무 불편하네요~,0
516,2020년 12월 8일,별표 5개 만점에 5개를 받았습니다.,스펨차단좀070,1
517,2020년 12월 8일,별표 5개 만점에 5개를 받았습니다.,좋아요 일체유심조,1
518,2020년 12월 8일,별표 5개 만점에 1개를 받았습니다.,계속 끊기는 오류좀 고쳐주세요 뭐만하면 오류떳다고 꺼지고 진짜 kt랑 비교됩니다 ^^,0
519,2020년 12월 8일,별표 5개 만점에 5개를 받았습니다.,좋아여,1
520,2020년 12월 8일,별표 5개 만점에 2개를 받았습니다.,1Mpbs속도로는 어플이용이 너무 힘들어요. 로그인 하는데 10분가량 걸립니다.,0
521,2020년 12월 8일,별표 5개 만점에 1개를 받았습니다.,오류가난무합니다...무슨오류가 이리도많이생기는건지...답답해서 못쓰것네,0
522,2020년 12월 8일,별표 5개 만점에 1개를 받았습니다.,서비스가 원활하지 않다고 뜨는것과 앱자체가 접속이 안되는 현상은 아래후기보니 1일에 점검중이라고 답변달렸던데 오늘은 8일입니다...접속이 안되게 할꺼면 어플은 왜있는지요...,0
523,2020년 12월 8일,별표 5개 만점에 1개를 받았습니다.,오늘 고객센터 들어갈려고했는데 이거머임 vvip든 뭐든간에 지금 사전통보도 없이 어플 안되게 하고 전화만 하라는 건가요? 일부러 현재 상황을 아웅다웅식으로 묻히게 만들려고 하는건지.... 오래 썼는데 고민해봐야겠네요,0
524,2020년 12월 8일,별표 5개 만점에 1개를 받았습니다.,시스템은 언제 원활히 되는건가요...진짜 화가나고 속상하네요.. 일은 안하시는건지 모르겠지만 빨리 고쳐주셨으면 좋겠습니다...,0
525,2020년 12월 7일,별표 5개 만점에 4개를 받았습니다.,서버에 접촉되는 다소 느림,1
526,2020년 12월 7일,별표 5개 만점에 1개를 받았습니다.,유플 중국기업,0
527,2020년 12월 7일,별표 5개 만점에 1개를 받았습니다.,일주일이 넘도록 서비스 사용이 원활하지 못하다는건 좀심하지 않나요?점검 중이면 언제까지 점검을 마칠건가요? 진짜 사용하기 불편하군요 짜증나요,0
528,2020년 12월 7일,별표 5개 만점에 4개를 받았습니다.,이거 서비스가 원할하지않습니다 이거 쫌 빨리고쳐주시면 안될까요..? 이게 안되서 못하고있는데.. 제발 이거쫌 빨리 고쳐주세요 부탁들일게요..,1
529,2020년 12월 7일,별표 5개 만점에 2개를 받았습니다.,ㅇㅅㄴㅅ 아 ㅣㅅㅇ'ㅅ슨ㅇㅅ홎ㅂ 선동석 ㆍㄷㄴ,0
530,2020년 12월 6일,별표 5개 만점에 5개를 받았습니다.,좋은,1
531,2020년 12월 6일,별표 5개 만점에 5개를 받았습니다.,편하고 좋아요.,1
532,2020년 12월 6일,별표 5개 만점에 5개를 받았습니다.,좋아유 굿 긋,1
533,2020년 12월 6일,별표 5개 만점에 1개를 받았습니다.,정상적으로 앱이 작동 안된지 이미 며칠이 지났는데 고쳐지지가 않네요. 또 리뷰 답변에는 답변 복사 붙여넣기만 하고 제대로 된 상황을 알려주질 않으니 굉장히 답답하네요.,0
534,2020년 12월 5일,별표 5개 만점에 1개를 받았습니다.,유플고객센터 앱 진짜느리네,0
535,2020년 12월 5일,별표 5개 만점에 1개를 받았습니다.,왜 하루종일 업데이트가 안ㄷ늬냐고요....,0
536,2020년 12월 5일,별표 5개 만점에 1개를 받았습니다.,다른 리뷰에서도 나오는 말이지만 지난달부터 결제 상세조회 안되던거 아직도 안되고있음...,0
537,2020년 12월 4일,별표 5개 만점에 5개를 받았습니다.,👍,1
538,2020년 12월 4일,별표 5개 만점에 1개를 받았습니다.,데이터너무느려요,0
539,2020년 12월 4일,별표 5개 만점에 1개를 받았습니다.,아니 소액결제 확인할려고했는데 시스템 오류가 왠말이에요...지금3번째 계속 시스템오류 나네요,0
540,2020년 12월 4일,별표 5개 만점에 5개를 받았습니다.,좋아요,1
541,2020년 12월 4일,별표 5개 만점에 5개를 받았습니다.,사용하기 좋아요,1
542,2020년 12월 4일,별표 5개 만점에 1개를 받았습니다.,지금 3일째업데이트가 안받아지네요 쓰라고만든거맞나요? 뭐하러 만듬? 폼으로 달고댕기라고?그냥 쓰지말라고 얘길하던가,0
543,2020년 12월 3일,별표 5개 만점에 4개를 받았습니다.,좋아요,1
544,2020년 12월 3일,별표 5개 만점에 1개를 받았습니다.,"5G요금 내고서 터지지도 않아 유쁠러스 고객센터부터 통화도우미 뭐 되는거 하나 없이 로딩길고 원활하지않고, 도대제 뭘 위한 통신사고 서비스제공인지 1도 모르겠네ㅡㅡ 업데이트 왜 자꾸 하게함 도대체?",0
545,2020년 12월 3일,별표 5개 만점에 4개를 받았습니다.,편해요,1
546,2020년 12월 3일,별표 5개 만점에 1개를 받았습니다.,"듀얼넘버 원, 투 사용이 가능한 이전 버전으로 다운그레이드 방법 문의드립니다. 업그레이드 이후...이건 뭐 쓸모도 없고.. -.,-",0
547,2020년 12월 3일,별표 5개 만점에 3개를 받았습니다.,가끔 들어갈라고하면 뭐 맨날 업뎃하래요 잠깐 볼라고 들어가는건데 너무 귀찮아요 업뎃 안해도 들어가지게는 해주세요.,1
548,2020년 12월 3일,별표 5개 만점에 1개를 받았습니다.,업데이트너무느려요 빨리,0
549,2020년 12월 3일,별표 5개 만점에 2개를 받았습니다.,"걍그냥그냥 그래요.,",0
550,2020년 12월 3일,별표 5개 만점에 4개를 받았습니다.,좋아,1
551,2020년 12월 3일,별표 5개 만점에 5개를 받았습니다.,편리하고 괜찬습니다,1
552,2020년 12월 3일,별표 5개 만점에 5개를 받았습니다.,좋음,1
553,2020년 12월 3일,별표 5개 만점에 5개를 받았습니다.,굿,1
554,2020년 12월 3일,별표 5개 만점에 5개를 받았습니다.,좋아요,1
555,2020년 12월 2일,별표 5개 만점에 5개를 받았습니다.,굳,1
556,2020년 12월 2일,별표 5개 만점에 5개를 받았습니다.,좋아요,1
557,2020년 12월 2일,별표 5개 만점에 5개를 받았습니다.,기차나,1
558,2020년 12월 2일,별표 5개 만점에 5개를 받았습니다.,너무 편하고 좋아요,1
559,2020년 12월 2일,별표 5개 만점에 2개를 받았습니다.,쓸데없는거 추가하고 업데이트 하지말고 있던거나 완벽하게 하세요 쓰지도 않는 기능 왜 자꾸 추가함,0
560,2020년 12월 2일,별표 5개 만점에 1개를 받았습니다.,계속 서비스 원할하지 않디고 뜨네요 할인 받을려고 계속 들어가는데 로그인이 안되네요,0
561,2020년 12월 2일,별표 5개 만점에 1개를 받았습니다.,업데이트를 너무 자주해서 용량이 없어요😡😠,0
562,2020년 12월 2일,별표 5개 만점에 1개를 받았습니다.,이거또 에러가심하네요,0
563,2020년 12월 2일,별표 5개 만점에 5개를 받았습니다.,좋네요,1
564,2020년 12월 2일,별표 5개 만점에 5개를 받았습니다.,HJh,1
565,2020년 12월 2일,별표 5개 만점에 1개를 받았습니다.,업데이트 이후 로그인이 안되어 전혀 사용할 수가 없습니다.,0
566,2020년 12월 1일,별표 5개 만점에 1개를 받았습니다.,고객센터 왜 안들어가지나요? 팅기고 계속 갑자기 정보 입력 떠지고 장난하는 것도 아니고. 빨리 고치세요. 사람들 이용도 못하게 뭐하는건가요,0
567,2020년 12월 1일,별표 5개 만점에 2개를 받았습니다.,앱사용이 안되는데..어째서죠?,0
568,2020년 12월 1일,별표 5개 만점에 1개를 받았습니다.,오류가 밥먹듯이 나면 어쩌라는건에요 확인좀 하시죠 원활하지 않다는말이 몇번이나 되는건지,0
569,2020년 12월 1일,별표 5개 만점에 1개를 받았습니다.,잘 되던 어플이 왜 로그인도 안되고 서비스가 원활하지 않다 잠시후에 다시 로그인하라는 문구가 수십번 나오네요 .. 전화하지못하는 급한 경우엔 어떻게 조회해야되나요?,0
570,2020년 12월 1일,별표 5개 만점에 5개를 받았습니다.,좋아요,1
571,2020년 12월 1일,별표 5개 만점에 1개를 받았습니다.,'서비스이용이 원활하지 않습니다'만 100번쯤 본것 같네요... 업데이트 하고나니 정말 불편해졌어요 ㅡㅡ,0
572,2020년 12월 1일,별표 5개 만점에 1개를 받았습니다.,원활하지않다고 자꾸만뜨네요 몇일 자주뜨다가 이젠 들어가지도못하네 원래 댓글같은거안햇는데 너무짜증나네요,0
573,2020년 12월 1일,별표 5개 만점에 1개를 받았습니다.,약 20개월째 사용중인데 툭하면 연결안되고 고객센터 문의하면 유심칩 뺐다껴보라그러고 그거 안되면ㅁ센터 방문하라는데 방문하면 이상없다고 하고 사람 미칠노릇이네요 한달 폰요금이 평균 10만원 넘어가고 뭐 할라그러면 vip회원 어쩌고 하면서 말만 vip지 그냥 호구같네요 약정때문에 억지로 이용하는거지 약정 끝나면 lg는 절대 이용안할거임 뭔 유부트를 보는중에 끊기고 멜론 노래듣는중간에 버퍼링걸리고 3대 통신사 맞나 싶을정도로 허접하고 공짜로 이용하라고 해도 이딴식인데 이용안할생각입니다 빨리 약정 끝나길 바랍니다,0
574,2020년 12월 1일,별표 5개 만점에 1개를 받았습니다.,리뷰보니까 저만 안되는게 아니네요 업데이트가 언제끝나나요? 빨리좀 처리해주세요,0
575,2020년 12월 1일,별표 5개 만점에 5개를 받았습니다.,좋아요,1
576,2020년 12월 1일,별표 5개 만점에 1개를 받았습니다.,이건 쓰라고 있는건지...로그인이 안되는걸 왜 만들었어요?,0
577,2020년 12월 1일,별표 5개 만점에 3개를 받았습니다.,처음부터 예기하시지....,1
578,2020년 12월 1일,별표 5개 만점에 1개를 받았습니다.,3일전부터 유플러스 고객센터 앱이 정상적으로 열리지 않아요... 확인들 하셔서 해결 해주세요 ㅜ,0
579,2020년 12월 1일,별표 5개 만점에 1개를 받았습니다.,앱 접속 자체가 안되요,0
580,2020년 12월 1일,별표 5개 만점에 5개를 받았습니다.,아니 제가 데이터를 확인하기 위해 들어갔더니 인증을 해야한다고하고 내 생년월일을 입력했더니 서비스가 원활하지않다고 뜨는군요....고쳐주세요....,1
581,2020년 12월 1일,별표 5개 만점에 1개를 받았습니다.,어플왜이래요????하,0
582,2020년 12월 1일,별표 5개 만점에 1개를 받았습니다.,업데이트 후 서버불안정으로 이용할 수 없다며 로그인이 되지 않습니다. 버그 개선 부탁드려요,0
583,2020년 12월 1일,별표 5개 만점에 5개를 받았습니다.,좋아요,1
584,2020년 12월 1일,별표 5개 만점에 1개를 받았습니다.,업데이트 너무 자주해서 이용이 너무 불편해요,0
585,2020년 12월 1일,별표 5개 만점에 1개를 받았습니다.,업데이트는 안되고 대기중으로 계속 빙글빙글 돌아감. 업데이트 안해도 이용은 할 수 있게 해줘야지 접속도 안되고 업데도 안되고 사용불가상태임,0
586,2020년 12월 1일,별표 5개 만점에 5개를 받았습니다.,좋아요,1
587,2020년 12월 1일,별표 5개 만점에 1개를 받았습니다.,"내 데이터 가족주는게 최대 1G씩 나눠서 보내야하는데 이게 진짜 불편하다 ㄹㅇ 한도좀 늘려줘라 진짜. 한번할때마다 1분씩 기다리게하고, 일부러 안고치는게 보인다 이거는 편의성좀 업데이트해줘라 진짜",0
588,2020년 12월 1일,별표 5개 만점에 1개를 받았습니다.,"아에. 패스가 설치가 안되네요 문제가 있으니 조금후에 설치하라고 하는데, 계속 이를 반복하면서 설치는 안되네요",0
589,2020년 12월 1일,별표 5개 만점에 1개를 받았습니다.,왜 안들어가지죠,0
590,2020년 12월 1일,별표 5개 만점에 3개를 받았습니다.,20.12.1 서비스이용이원활하지않다고로그인이안됩니다,1
591,2020년 12월 1일,별표 5개 만점에 1개를 받았습니다.,서비스 원활하지 않다고 로그인도 안됨.,0
592,2020년 12월 1일,별표 5개 만점에 1개를 받았습니다.,업데이트 왜 안되는거죠..,0
593,2020년 12월 1일,별표 5개 만점에 1개를 받았습니다.,앱자체가 안열리는데 어떻게 사용하라는건가요...ㅠ 사용자체를 못하고 있습니다. 개선 좀 해주세요.,0
594,2020년 12월 1일,별표 5개 만점에 1개를 받았습니다.,최악이네요 답변도 그럴싸 한거만 답변하고 사람 가리는 것도 아니고 업데이트를 했으면 개선이 되야지 더 퇴행되고 그냥 앱을 없에는게 욕을 덜 먹겠네요 별 한개도 아까워요,0
595,2020년 11월 30일,별표 5개 만점에 1개를 받았습니다.,업데이트하고나서 서비스이용이 원활하지 않다고만 3일째에요... 어떻게해야되나요?,0
596,2020년 11월 30일,별표 5개 만점에 3개를 받았습니다.,왜3일전부터 방문자가많다고 로그인이안되죠..?밤열두시에도 방문자가 많은가요? 할인받으랴고해도 안들어가지오 5번이상 로그인 시도해도 안됩니다,1
597,2020년 11월 30일,별표 5개 만점에 3개를 받았습니다.,업데이트 좀 그만하세요,1
598,2020년 11월 30일,별표 5개 만점에 1개를 받았습니다.,요금이 어째서 당월요금 미납된걸 청구서두개날려서 두개요금 값으로 나오게하죠? 제정신인가요?,0
599,2020년 11월 30일,별표 5개 만점에 1개를 받았습니다.,왜 자꾸 안되는 업데이트는 자꾸하라는건가요?,0
600,2020년 11월 30일,별표 5개 만점에 1개를 받았습니다.,알잖아,0
601,2020년 11월 30일,별표 5개 만점에 1개를 받았습니다.,업데이트 그만좀하자,0
602,2020년 11월 30일,별표 5개 만점에 1개를 받았습니다.,앱 켜지는 속도가 너무 느려요.,0
603,2020년 11월 30일,별표 5개 만점에 5개를 받았습니다.,전 꽤 괜찬아서 우리가족다쓰고있어요.^^,1
604,2020년 11월 30일,별표 5개 만점에 1개를 받았습니다.,왜 들어가지를 몬해.... ..젭알.. .. .,0
605,2020년 11월 30일,별표 5개 만점에 5개를 받았습니다.,좋아용,1
606,2020년 11월 30일,별표 5개 만점에 5개를 받았습니다.,대이터에대해알수있네용,1
607,2020년 11월 30일,별표 5개 만점에 5개를 받았습니다.,좋아요,1
608,2020년 11월 30일,별표 5개 만점에 4개를 받았습니다.,서비스가 원활하지 않다고 접속이 안됩니다. 물론 U+ 다른 앱은 접속이 되구요 어떻게 해결해야 되나요?,1
609,2020년 11월 30일,별표 5개 만점에 1개를 받았습니다.,납부했어도 액수는 그대로 미납으로처리되어있는점 빠르게처리가안되고 요금납부하라고 보여지면두번내도 횬급이안되는점. 데이터나 전화통화분이 시계로 재보니빠르게통화시간이 넘어가는점 한번시계를3개놓고 비교해보세요 시계랑통화한분이랑다르다는점을알수있어요 대기업과 싸워서 지지만 하나님께나는맡깁니다 하나님앞에서도 그누가 속일수있는지 도둑으로부자되면 자식이 더당한다는사실이 인새의 철칙같다 속였다고 기뻐할때 죽고자식은당할테니 기뻐할일만은 아닌데.,0
610,2020년 11월 30일,별표 5개 만점에 1개를 받았습니다.,폰재부팅해도 서비스가 원활하지않다고만 하고 머시 문제인지 접속좀 하고싶어요 참말로,0
611,2020년 11월 30일,별표 5개 만점에 1개를 받았습니다.,로그인이 안돼 자꾸 짜증나게,0
612,2020년 11월 30일,별표 5개 만점에 1개를 받았습니다.,아 개빡치네 아니 도대체가 서비스는 언제 원할해지는데? 한 10년 기다려야해? 몇일째 이러는거야 도대체...!!!! 상담사도 못알아들음.... 어플 서비스가 계속 원할하지 않다는데.... 뭔 자꾸 소액결제야!!!!!! 어플!!!!서비스!!!!언제!!!!괜찮아!!!!지냐고!!!!!!!!!! 답변해!!!!,0
613,2020년 11월 30일,별표 5개 만점에 1개를 받았습니다.,장난해요 지금?? ㅡㅡ 확인해야하는데 자꾸 안되잖아요,0
614,2020년 11월 30일,별표 5개 만점에 1개를 받았습니다.,로딩이 안됩니다.,0
615,2020년 11월 30일,별표 5개 만점에 1개를 받았습니다.,요금조회 및 요금 납부 할려는데 어플이 안됩니다 환장 하것네 요금 내지 말라는 것인가???,0
616,2020년 11월 29일,별표 5개 만점에 1개를 받았습니다.,아니 소액결제 내용보구 한도 바꾸려니까 시스템오류 라고 떠서 몇시간 있다가 다시했는데도 여전히 오류 엎데이트 하고 나서 부터이러는데 이거 뭡니까?,0
617,2020년 11월 29일,별표 5개 만점에 1개를 받았습니다.,별점도아깝네... 뭘 되야 평가하지 사용이안되는데,0
618,2020년 11월 29일,별표 5개 만점에 1개를 받았습니다.,11월 업데이트 5번 이상이였고 업데이트 마다 고쳐진건 없고 늘 똑같은 버그 걸리고 요금 변경 하자마자 서버 잠궈버리고 다음날 유선 데이터 썻다고 추가 요금1만원 내라더니 그다음날 1만 2천원으로 바꿔버리고 나는 있는 그대로 사실만 얘기한것뿐이고 U+욕하는거 아니고 살면서 LG폰은 살짝이라도 고장나면 서비스 센터 갔다 맞기면 더 고물로 만들어서 폰바꾸라고 하고 하지만 삼성은 다르지.. U+욕하는건 아니고 있는 사실얘기하는거고 다른 좋은 통신사 핸드폰 많이있고,0
619,2020년 11월 29일,별표 5개 만점에 1개를 받았습니다.,느려요...요금은 비싸졌는데 왜 더 느려졌을까요?,0
620,2020년 11월 29일,별표 5개 만점에 1개를 받았습니다.,대체 왜 안되나?,0
621,2020년 11월 29일,별표 5개 만점에 1개를 받았습니다.,밤 12시 다됐는데 사용자가 많아서 원활한 이용이 불가하다는게 뭔 똘추같은 경우에요,0
622,2020년 11월 29일,별표 5개 만점에 1개를 받았습니다.,이용자가 많아 조회가 어려워진다는 화면이 왜이렇게 자주뜨는지... 정말 이런 앱평가 한번도 안해봤는데 앱을 사용할수가 없을정도로 너무 자주 뜨네요.. 나의 요금과 여러가지 사항들을 확인해야하는데 하나도 제대로 확인못하고 계속 막히네요.. 요즘시대에 이렇게 앱실행이 안되는거 처음이네요,0
623,2020년 11월 29일,별표 5개 만점에 1개를 받았습니다.,업데이트 하라고뜨고 아예 안들어가져서 업뎃하고 다시들어가려니까 처리중 오류발생? 장난하십니까?? ㅡㅡ,0
624,2020년 11월 29일,별표 5개 만점에 4개를 받았습니다.,안드로이드11 대응 업데이트 가 시급합니다 앱 진입이되지않아 용무를 볼수없으니 속히 업데이트를 요청드립니다,1
625,2020년 11월 29일,별표 5개 만점에 1개를 받았습니다.,진심서비스 이딴씩으로하지말라,0
626,2020년 11월 29일,별표 5개 만점에 1개를 받았습니다.,업데이트가 계속 돌아가기만해요,0
627,2020년 11월 29일,별표 5개 만점에 3개를 받았습니다.,좀 느릴때 답답합니다,1
628,2020년 11월 29일,별표 5개 만점에 1개를 받았습니다.,접속하려는데 왜 자꾸 오류떠요? 그리고 여기다 써도될지는 모르겠는데 영상이나 검색같은거 하려는데 데이터가 계속 끊겨서 짜증나네요,0
629,2020년 11월 29일,별표 5개 만점에 1개를 받았습니다.,고객센터 일안하세요??! 문자를 보내지를 말던지 자꾸 오류뜨고 뭐하세요,0
630,2020년 11월 29일,별표 5개 만점에 1개를 받았습니다.,업데이트하고 접속이 계속오류라고뜨네요ㅠ사용불가,0
631,2020년 11월 29일,별표 5개 만점에 3개를 받았습니다.,업데이트 왜 이렇게 느린가요 진짜 답답하네요 몇번을 실시했는데 끝이 안 보이네요,1
632,2020년 11월 29일,별표 5개 만점에 1개를 받았습니다.,아니 왜 안틀어질까요?,0
633,2020년 11월 29일,별표 5개 만점에 1개를 받았습니다.,이거 왜 안됨?? ㅡㅡ,0
634,2020년 11월 29일,별표 5개 만점에 1개를 받았습니다.,로그인이 안되는데.. 앱을 깔았다지우고 끄고 다 해봐도 안되네요. 잠시후에 시도하라는데 언제가 잠시후인가요 답답해서 못 참겠네요.,0
635,2020년 11월 29일,별표 5개 만점에 5개를 받았습니다.,않돼요,1
636,2020년 11월 29일,별표 5개 만점에 5개를 받았습니다.,좋은 이웃처럼 행복을 이어드리겠습니다,1
637,2020년 11월 29일,별표 5개 만점에 1개를 받았습니다.,"별 하나도 아깝네요. 명세서 확인하려고 접속하려는데 서비스 원활하지 않다며 접속도 잘 안되고, 겨우 들어갔더니 메뉴 하나 들어갈때마다 로딩 오래걸리고......종이명세서 다시 신청할까봐요.",0
638,2020년 11월 29일,별표 5개 만점에 1개를 받았습니다.,왜 며칠째 안들어가지죠,0
639,2020년 11월 29일,별표 5개 만점에 2개를 받았습니다.,소액결제 얼마나 했는지 확인하려고 하는데.. 일주일이 지나도록 서비스가 원할하지 않아서 안된다고 하네요ㅠㅜ 업뎃부탁드립니다..,0
640,2020년 11월 29일,별표 5개 만점에 1개를 받았습니다.,선결제 이용내역 보려고 하면 서비스가 원활하지 않다고 나오고 오늘은 어플자체가 서비스가 원활하지 않다며 열리지도 않네요 심지어 5G는 요금제는 그대로 다 받으면서 터지지도 않아요,0
641,2020년 11월 29일,별표 5개 만점에 1개를 받았습니다.,뭐 맨날 업데이트한데;,0
642,2020년 11월 28일,별표 5개 만점에 1개를 받았습니다.,로딩 왤케 길어;,0
643,2020년 11월 28일,별표 5개 만점에 5개를 받았습니다.,좋아요,1
644,2020년 11월 28일,별표 5개 만점에 1개를 받았습니다.,되질않네요,0
645,2020년 11월 28일,별표 5개 만점에 1개를 받았습니다.,데이터주기 5기가해주쇼 그리고 업데이트 하라고해서 하는중인데 안되서 30분째 속터지는중,0
646,2020년 11월 28일,별표 5개 만점에 5개를 받았습니다.,굳 !!!Good!!!,1
647,2020년 11월 28일,별표 5개 만점에 5개를 받았습니다.,굿,1
648,2020년 11월 28일,별표 5개 만점에 1개를 받았습니다.,업데이트 하래서 눌렇더니 하루죙일 빙글빙글 돌기만 하고있음ㅡㅡ,0
649,2020년 11월 28일,별표 5개 만점에 1개를 받았습니다.,안써,0
650,2020년 11월 28일,별표 5개 만점에 5개를 받았습니다.,최고,1
651,2020년 11월 28일,별표 5개 만점에 1개를 받았습니다.,또같은 LTE이고 또같은 기기고 또같은 요금제데 왜 엘지것은 느린지요?고객앱을 켜는 시간도 20초 참 미치겠어요,0
652,2020년 11월 28일,별표 5개 만점에 5개를 받았습니다.,아주편리해요.,1
653,2020년 11월 28일,별표 5개 만점에 5개를 받았습니다.,좋아요,1
654,2020년 11월 27일,별표 5개 만점에 1개를 받았습니다.,소액결제 관련을 확인하려하는데 시스템 오류가 뜨네요,0
655,2020년 11월 27일,별표 5개 만점에 5개를 받았습니다.,굿,1
656,2020년 11월 27일,별표 5개 만점에 1개를 받았습니다.,소액결제 내역보고 선결제하려는데 자꾸 시스템 오류뜸 언제고칠건데요 빨리 폰결제한거 빛갚아야하는데 내역을 못보니 뭘할수가있나 30 일전에 고쳐놔요 ㅡㅡ,0
657,2020년 11월 27일,별표 5개 만점에 1개를 받았습니다.,별 마이너스 백만개요.5G 기지국도 제대로 구축해놓은 상태도 아니면서 5G를 영업하는 대국민 사기극을 정부와 함께 벌이는 통신사들 피해입은 국민들에게 보상하고 사과해라!!!,0
658,2020년 11월 27일,별표 5개 만점에 1개를 받았습니다.,소액결제 선결제 창 자꾸 시스템오류떠요,0
659,2020년 11월 27일,별표 5개 만점에 1개를 받았습니다.,업데이트..너무자주인거아닌가요ㅜ,0
660,2020년 11월 27일,별표 5개 만점에 5개를 받았습니다.,좋아,1
661,2020년 11월 27일,별표 5개 만점에 5개를 받았습니다.,없음,1
662,2020년 11월 27일,별표 5개 만점에 5개를 받았습니다.,굳,1
663,2020년 11월 26일,별표 5개 만점에 1개를 받았습니다.,소액결재 창 들가려는디 와 계속 오류뜸,0
664,2020년 11월 26일,별표 5개 만점에 1개를 받았습니다.,대한민국 5g 기지국 갯수:0 우리가 5g라고 보는건 lte의 30배 빠른게 아닌 약간 더빠른 중간도 못미치는것.,0
665,2020년 11월 26일,별표 5개 만점에 1개를 받았습니다.,"아니, 선결재하고 내가 뭐했는지 확인하려고 자세히 보기 누르면 서비스가 원활하지 않다는 멘트가 3일 연속 나오더니, 이젠 고객센테 앱 자체가 이용이 원활하지가 않다네요? 더 원활한 서비스를 위해서 노력하시겠다면서요? 그래서 언제 원활한 서비스가 가능한건데요? 오늘은 안될테고 올해안에는 되요? 5G 안정화 되기전에 서비스 안정화 되기나 할까요? 뭐하자는건가요? 이게 고객센터 앱인지 고객을 센터까는 앱인지 분간이 안갑니다. 빠른 조치, 말만하지 마시고 실행좀 해주세요.",0
666,2020년 11월 26일,별표 5개 만점에 1개를 받았습니다.,업그레드 시간만 가네요,0
667,2020년 11월 26일,별표 5개 만점에 1개를 받았습니다.,마이너스 주고싶네 왜 갑자기 안들어가지는거냠,0
668,2020년 11월 26일,별표 5개 만점에 1개를 받았습니다.,서비스이용이 불가하다고 자꾸만뜨네요 ㅠ하루종일 접속허려해도 충전소도 고객센터도 ㅠ 필요할땐 접속이 안되니 있으나마나인듯합니다.,0
669,2020년 11월 25일,별표 5개 만점에 4개를 받았습니다.,좋아요~,1
670,2020년 11월 25일,별표 5개 만점에 1개를 받았습니다.,"이 야발새끼들은 뭐만하면 오류야, 혜택도 뭣도 없는게, 할부끝나면 손절친다 야발",0
671,2020년 11월 25일,별표 5개 만점에 5개를 받았습니다.,U+고객센터,1
672,2020년 11월 25일,별표 5개 만점에 1개를 받았습니다.,구냥 유플러스 시러염,0
673,2020년 11월 25일,별표 5개 만점에 5개를 받았습니다.,업데이트 너무 오래 걸려요 업데이트한 지 얼마나 됐다고 또 하라고 하네요,1
674,2020년 11월 24일,별표 5개 만점에 1개를 받았습니다.,업데이트 좀 작작해요 용량도 부족한데ㅡㅡ아니면 업데이트 안해도 전 버전으로 쓸 수 있게 해주시던지,0
675,2020년 11월 24일,별표 5개 만점에 1개를 받았습니다.,왜 헬쥐가 3사중 최악인지 쓰면 알 수 있음,0
676,2020년 11월 24일,별표 5개 만점에 1개를 받았습니다.,폰팔이는kt가 갑 서비스는 유플러스가 갑,0
677,2020년 11월 24일,별표 5개 만점에 1개를 받았습니다.,지금 고객센터 연결상태 개판인듯 로딩 개느리고 뭐 하나 누르면 확인 눌러도 계속 같은 팝업 계속뜸,0
678,2020년 11월 24일,별표 5개 만점에 1개를 받았습니다.,"최악 그 자체 이쑤레기 통신사는 고객센터 직원에서부터 기사까지 통틀어서 다 싸가지가 개싸가지에 친절함이라곤 고객뉘엠 재성합니다 하는 해결책 없는 말뿐인 사과 시도때도 없이 쑤레기짓만 하고 어떻게 된게 해약하고 다른 통신사 넘어갈려고 하니까 한다는 소리가 ""고객넴 타 통신사도 동일한 증상이 있으세요~"" 지라루 조카는소리 하는게 타 통신사 쓰는사람은 그런증상 없대",0
679,2020년 11월 24일,별표 5개 만점에 5개를 받았습니다.,잘쓰고있어요^^,1
680,2020년 11월 24일,별표 5개 만점에 5개를 받았습니다.,유용힙니다.,1
681,2020년 11월 24일,별표 5개 만점에 1개를 받았습니다.,어플이 안들어가져요. 아무리 눌러도 구동을 안합니다. 석제하고 다시 깔려고 해도 삭제 자체가 안되네요.,0
682,2020년 11월 24일,별표 5개 만점에 1개를 받았습니다.,통신사는 예나 지금이나 양아치인건 변함이 없네.. 꼰대들이 많아 그런가...,0
683,2020년 11월 24일,별표 5개 만점에 1개를 받았습니다.,궁금한게 5g가 뜨면 4g보다 느리고 잘안터지는것같은 기분이 드는건 저뿐인가요???,0
684,2020년 11월 24일,별표 5개 만점에 5개를 받았습니다.,보기도 편하고 좋네요~~^^,1
685,2020년 11월 24일,별표 5개 만점에 5개를 받았습니다.,좋아요,1
686,2020년 11월 24일,별표 5개 만점에 1개를 받았습니다.,오류로 어플실행이 않되네요,0
687,2020년 11월 24일,별표 5개 만점에 1개를 받았습니다.,업데이트 하라며 하루종일 대기중이야 짜증나,0
688,2020년 11월 24일,별표 5개 만점에 5개를 받았습니다.,좋아요 😀 👍 😀,1
689,2020년 11월 24일,별표 5개 만점에 5개를 받았습니다.,좋아요^^,1
690,2020년 11월 24일,별표 5개 만점에 5개를 받았습니다.,굿,1
691,2020년 11월 24일,별표 5개 만점에 5개를 받았습니다.,굿,1
692,2020년 11월 24일,별표 5개 만점에 4개를 받았습니다.,@ @,1
693,2020년 11월 23일,별표 5개 만점에 2개를 받았습니다.,"업데이트 11/17일했는데 또하라고 앱에떠서 하는데 대기중만 1시간째 돌고있고 ,,,,, 진짜 짜증남,, 오늘중 끝날지 ,,,,",0
694,2020년 11월 23일,별표 5개 만점에 4개를 받았습니다.,매우 좋아요,1
695,2020년 11월 23일,별표 5개 만점에 5개를 받았습니다.,좋아요,1
696,2020년 11월 23일,별표 5개 만점에 1개를 받았습니다.,진짜느려요 ㅠㅠ 전달보다 더느림,0
697,2020년 11월 23일,별표 5개 만점에 5개를 받았습니다.,굿,1
698,2020년 11월 23일,별표 5개 만점에 1개를 받았습니다.,쓸데없이 업데이트만 자주함,0
699,2020년 11월 23일,별표 5개 만점에 1개를 받았습니다.,뭔놈의업뎃을 일주일마다 하고자빠졋냐,0
700,2020년 11월 23일,별표 5개 만점에 1개를 받았습니다.,느리고 불편하고 어렵고 다나쁨,0
701,2020년 11월 23일,별표 5개 만점에 5개를 받았습니다.,감사,1
702,2020년 11월 23일,별표 5개 만점에 1개를 받았습니다.,불편함 망해라!,0
703,2020년 11월 23일,별표 5개 만점에 5개를 받았습니다.,감사합니다,1
704,2020년 11월 23일,별표 5개 만점에 1개를 받았습니다.,로딩이 너무 오래 걸려서 엘쥐꺼 비츤,0
705,2020년 11월 23일,별표 5개 만점에 5개를 받았습니다.,감사합니다,1
706,2020년 11월 23일,별표 5개 만점에 5개를 받았습니다.,좋아요,1
707,2020년 11월 23일,별표 5개 만점에 1개를 받았습니다.,버려~~~,0
708,2020년 11월 23일,별표 5개 만점에 1개를 받았습니다.,업데이트 하라고 하면서 업데이트는 몇일째 안되니 짜증납니다.,0
709,2020년 11월 23일,별표 5개 만점에 1개를 받았습니다.,업데이트좀 그만하세요 급해서 들어가면 항상 업데이트하라네..,0
710,2020년 11월 23일,별표 5개 만점에 1개를 받았습니다.,드럽게느려 왜내가인터넷이고 전화고 엘지를쓰고있는지모르겟음 3사중에최악 서비스도최악,0
711,2020년 11월 23일,별표 5개 만점에 4개를 받았습니다.,좋아요,1
712,2020년 11월 22일,별표 5개 만점에 1개를 받았습니다.,별로,0
713,2020년 11월 22일,별표 5개 만점에 4개를 받았습니다.,데이터가 부족하여 더만이할수없나요.,1
714,2020년 11월 22일,별표 5개 만점에 1개를 받았습니다.,회원가입부터 안되네요,0
715,2020년 11월 22일,별표 5개 만점에 5개를 받았습니다.,굳,1
716,2020년 11월 22일,별표 5개 만점에 3개를 받았습니다.,사용하기 불편함,1
717,2020년 11월 22일,별표 5개 만점에 1개를 받았습니다.,업데트 이제그만했으면좋겠고 잘되던 와이파이도 안될때도 종종있어요 필요한어풀만 남겨놓아는데 업데이트 하려면 다른어풀까지 삭제해가면 업데이트 하는거 좀아니다 라고 생각되네요,0
718,2020년 11월 22일,별표 5개 만점에 4개를 받았습니다.,낫베드,1
719,2020년 11월 22일,별표 5개 만점에 5개를 받았습니다.,안녕하세요,1
720,2020년 11월 22일,별표 5개 만점에 1개를 받았습니다.,인증하고 비번6자리 설정창 뜨는데 입력할려니 키패드가 안뜸..개판~~,0
721,2020년 11월 22일,별표 5개 만점에 5개를 받았습니다.,많은걸 알려주네요~,1
722,2020년 11월 22일,별표 5개 만점에 5개를 받았습니다.,좋아요,1
723,2020년 11월 22일,별표 5개 만점에 1개를 받았습니다.,너무무시당한거같은데요,0
724,2020년 11월 22일,별표 5개 만점에 1개를 받았습니다.,개같음,0
725,2020년 11월 22일,별표 5개 만점에 1개를 받았습니다.,"데이터공유 만들어 놓고 4기가만 그것도 한번식, 두배쿠폰 선물하기도 연 2회면서 장기고객우수는 뭔소리 소비자를 우롱해도 유분수지",0
726,2020년 11월 22일,별표 5개 만점에 5개를 받았습니다.,사랑해요LG,1
727,2020년 11월 22일,별표 5개 만점에 5개를 받았습니다.,좋아요,1
728,2020년 11월 22일,별표 5개 만점에 5개를 받았습니다.,좋은,1
729,2020년 11월 22일,별표 5개 만점에 2개를 받았습니다.,😅😔😔🖤✌😊🙂👋😔✌😔😚o7m🙂😊😔😔😔😔😔ddfk2🦶👈💪☝️👆👎,0
730,2020년 11월 22일,별표 5개 만점에 5개를 받았습니다.,좋아요좋아요좋아요,1
731,2020년 11월 22일,별표 5개 만점에 5개를 받았습니다.,굿,1
732,2020년 11월 21일,별표 5개 만점에 5개를 받았습니다.,👍👍👍👍👍👍👍👍,1
733,2020년 11월 21일,별표 5개 만점에 5개를 받았습니다.,나는 사용않함,1
734,2020년 11월 21일,별표 5개 만점에 5개를 받았습니다.,좋아요,1
735,2020년 11월 21일,별표 5개 만점에 5개를 받았습니다.,행복 하세요 감사합니다 🙏,1
736,2020년 11월 21일,별표 5개 만점에 1개를 받았습니다.,새벽에 u+tv결제해서 축구볼라했는데 고객센터에 접속이 안되서 짜증..진짜 여기랑 인연 끊고싶다,0
737,2020년 11월 21일,별표 5개 만점에 3개를 받았습니다.,와이 파이 접속이 잘안됨,1
738,2020년 11월 21일,별표 5개 만점에 1개를 받았습니다.,부가서비스 해지못하게해놨네 개 거지같은 3등 꼴찌통신사들이,0
739,2020년 11월 21일,별표 5개 만점에 1개를 받았습니다.,하루종일 로딩만 어쩌라구요,0
740,2020년 11월 21일,별표 5개 만점에 5개를 받았습니다.,굿이요~,1
741,2020년 11월 21일,별표 5개 만점에 2개를 받았습니다.,조아요,0
742,2020년 11월 21일,별표 5개 만점에 1개를 받았습니다.,처음 업데이트넘 않아요ㅡㅡ,0
743,2020년 11월 21일,별표 5개 만점에 2개를 받았습니다.,짜증남,0
744,2020년 11월 21일,별표 5개 만점에 5개를 받았습니다.,좋아요,1
745,2020년 11월 21일,별표 5개 만점에 5개를 받았습니다.,너무 좋아요,1
746,2020년 11월 21일,별표 5개 만점에 5개를 받았습니다.,매우유용함,1
747,2020년 11월 21일,별표 5개 만점에 5개를 받았습니다.,굿,1
748,2020년 11월 21일,별표 5개 만점에 1개를 받았습니다.,이걸 고객센터 앱이라니.. 유료티비에 광고가 하도많아 갈아탓고 나머지 하나도 약정 끝나는데로 제발 해야하는거부터 잘하길 아니 기본이라도 하길,0
749,2020년 11월 21일,별표 5개 만점에 5개를 받았습니다.,편리하고 좋음,1
750,2020년 11월 21일,별표 5개 만점에 5개를 받았습니다.,"좋습니다. 좋은 개발되세요. 또, 회식. 어떤가요. 지식산업에 공감과 기술나눔.학교에서 배움의 즐거움을 생각 해봐도 꼭 잘 해야 개발이 잘 된다고 생각합니다. 또, 교회. 다녀보세요. 기독교. 전화해서 가 보세요. 저의 글, 봐 주셔서 감사합니다.",1
751,2020년 11월 21일,별표 5개 만점에 1개를 받았습니다.,업데이트가 하루종일... 너무하네요 하나도 아깝지만..,0
752,2020년 11월 21일,별표 5개 만점에 1개를 받았습니다.,5G 요금제받고 lte사용하는 엉터리 요금제나 개선해라. 빵점도 아깝다. 속도도 엉망..,0
753,2020년 11월 21일,별표 5개 만점에 1개를 받았습니다.,"업데이트 하라고 해서 눌렀더니 설치는 안되고 계속 대기중,,",0
754,2020년 11월 21일,별표 5개 만점에 2개를 받았습니다.,좀 랙이 심하네요 업데이트도 의무고 ㅡㅡ,0
755,2020년 11월 21일,별표 5개 만점에 1개를 받았습니다.,업데이트해도 앱좀쓸수있게해줘요.,0
756,2020년 11월 21일,별표 5개 만점에 5개를 받았습니다.,굿,1
757,2020년 11월 21일,별표 5개 만점에 4개를 받았습니다.,별로예요,1
758,2020년 11월 21일,별표 5개 만점에 1개를 받았습니다.,도대체 설치가 안되네. LG엉망이군,0
759,2020년 11월 21일,별표 5개 만점에 4개를 받았습니다.,잘쓰고있음.,1
760,2020년 11월 21일,별표 5개 만점에 1개를 받았습니다.,업데이트 하라해서 하는데 업데이트가 계속 안됨...최악임,0
761,2020년 11월 21일,별표 5개 만점에 5개를 받았습니다.,좋아요,1
762,2020년 11월 21일,별표 5개 만점에 1개를 받았습니다.,실시간 사용량 보려고 위젯 새로고침 누르면 계속 동그라미만 돌아감.. 어플 업데이트 하라그래서 누르면 또 동그라미만 돌아감...지금 5분넘게 기다리다 나도 돌겠음.. 10분째 대기중..ㅡㅡ,0
763,2020년 11월 21일,별표 5개 만점에 1개를 받았습니다.,맨날 업뎃하라하네 역시 쓰레기통신사 멤버십혜택개구리고 진심 뭐 하나 좋은게 없음 이러니 통신사 만년 꼴찌지,0
764,2020년 11월 21일,별표 5개 만점에 5개를 받았습니다.,직관적이어서 넘 좋아요,1
765,2020년 11월 21일,별표 5개 만점에 1개를 받았습니다.,그냥 무용지물 이네요.그냥 안됨. 요즘시대랑 안맞음 심각함 .,0
766,2020년 11월 21일,별표 5개 만점에 1개를 받았습니다.,0점 우우우,0
767,2020년 11월 20일,별표 5개 만점에 1개를 받았습니다.,간편로그인을 10번이나해도 도통되질 않으니 이게 뭐하는 짓거리인지 욕나오려고 하네,0
768,2020년 11월 20일,별표 5개 만점에 5개를 받았습니다.,편해요,1
769,2020년 11월 20일,별표 5개 만점에 1개를 받았습니다.,뭔 말이 필요한가. 걍 써레기,0
770,2020년 11월 20일,별표 5개 만점에 5개를 받았습니다.,감사합니다,1
771,2020년 11월 20일,별표 5개 만점에 5개를 받았습니다.,좋아요~~~!,1
772,2020년 11월 20일,별표 5개 만점에 5개를 받았습니다.,쓰기좋아요,1
773,2020년 11월 20일,별표 5개 만점에 5개를 받았습니다.,무조건 lg 굿,1
774,2020년 11월 20일,별표 5개 만점에 3개를 받았습니다.,1.5G징징쳐대지마라 3사다똑같다 2.비싸다는새.끼들 알뜰거지폰써라 3.데이터주고받기쳐하지말고 요금제올려라. 4.도둑놈심보새.끼들 존.나많네 편리함을 누리고싶으면 그만한 댓가를 지불하고 누려라,1
775,2020년 11월 20일,별표 5개 만점에 5개를 받았습니다.,알기쉽게설명해주세요,1
776,2020년 11월 20일,별표 5개 만점에 1개를 받았습니다.,업데트가 안됩니다..,0
777,2020년 11월 20일,별표 5개 만점에 1개를 받았습니다.,뭔 업데이트를 이렇게 자주해요;; 용량 부족해서 업뎃되지도 않는데 얼마전에 했건만 또 업데이트하래ㅡㅡ,0
778,2020년 11월 20일,별표 5개 만점에 4개를 받았습니다.,기능이더많았으면좋겠어요^^,1
779,2020년 11월 20일,별표 5개 만점에 1개를 받았습니다.,1기가 마고 더늘려,0
780,2020년 11월 20일,별표 5개 만점에 5개를 받았습니다.,양호합니다!,1
781,2020년 11월 20일,별표 5개 만점에 5개를 받았습니다.,좋아요,1
782,2020년 11월 20일,별표 5개 만점에 1개를 받았습니다.,아니 왜 다운이 안되는거죠???이틀째 대기중이에요!!,0
783,2020년 11월 20일,별표 5개 만점에 1개를 받았습니다.,업데이트하라는데 몇번시도해도 안됩니다,0
784,2020년 11월 20일,별표 5개 만점에 5개를 받았습니다.,이어플로 인해 너무 편해요. 요금제 변경도 마음대로 할 수 있고 등등 편하게 잘 사용하고 있어요.별5개는 너무 젂어요.그래서 저는 ☆☆☆☆☆☆☆☆☆☆☆☆☆☆☆☆☆☆☆☆드릴께요.,1
785,2020년 11월 20일,별표 5개 만점에 5개를 받았습니다.,매우 좋음,1
786,2020년 11월 20일,별표 5개 만점에 1개를 받았습니다.,데이터 주고받기 1기가씩 말고 선택 할 수 있게 해주세요 1분에 1기가 주기 말고 몇기가 선택 할수 있게 해주세요,0
787,2020년 11월 20일,별표 5개 만점에 5개를 받았습니다.,짱,1
788,2020년 11월 20일,별표 5개 만점에 4개를 받았습니다.,뭥밍?,1
789,2020년 11월 20일,별표 5개 만점에 1개를 받았습니다.,요즘 시대에 역행하는 느리고 더러운앱,0
790,2020년 11월 20일,별표 5개 만점에 5개를 받았습니다.,전화요금화인,1
791,2020년 11월 20일,별표 5개 만점에 1개를 받았습니다.,데이터 주고받기 해줄거면 5기가 10기가 단위로 해줘야지 1기가가 뭡니까? 해주질 말든지,0
792,2020년 11월 20일,별표 5개 만점에 4개를 받았습니다.,편리해요,1
793,2020년 11월 20일,별표 5개 만점에 1개를 받았습니다.,밑에 어떤 사람이 이상한 리뷰 웅앵거리는데 객관적으로 유플 별로임 업뎃도 뭔 맨날천날 합니까、、、,0
794,2020년 11월 20일,별표 5개 만점에 1개를 받았습니다.,ㄹㅇ 업뎃하고 데이터 켜져있는데 안되는건 어플을 대학과제급으로 만드는건가,0
795,2020년 11월 20일,별표 5개 만점에 1개를 받았습니다.,5g 유통안된다는거 소식듣고 왔네요 ㅋㅋ 그렇게 노래부르던거 안된다고 입닫으면 지금까지 5g써온사람 호구로밖에 안본다고 보면 되는거죠?,0
796,2020년 11월 20일,별표 5개 만점에 1개를 받았습니다.,최저 평점도 아까움. 앱 동작 안함.,0
797,2020년 11월 20일,별표 5개 만점에 5개를 받았습니다.,좋아요,1
798,2020년 11월 20일,별표 5개 만점에 1개를 받았습니다.,유플원래 ㅂㄹ임 ㅋㅋㅋㅋ,0
799,2020년 11월 20일,별표 5개 만점에 5개를 받았습니다.,사용해보니 좋은 앱입니다. 감사합니다^^,1
800,2020년 11월 20일,별표 5개 만점에 5개를 받았습니다.,사용중,1
801,2020년 11월 20일,별표 5개 만점에 1개를 받았습니다.,20년 이상 kt 쓰다가 휴대폰좀 싸게 사려고 넘어왔는데....진짜 통신환경 개판이네요. 5g무제한 쓰고 있는데 회사에서는 와이파이 켜야하고 집에서도 와이파이켜야하고.망 확층이 안되었다고 죄송하다고만 하고.. 내 인생에서 최악의 선택..같은 기종 sk쓰는 직원은 잘만 터지는데.. 욕나오네요,0
802,2020년 11월 20일,별표 5개 만점에 4개를 받았습니다.,최고,1
803,2020년 11월 20일,별표 5개 만점에 1개를 받았습니다.,데이터가 너무 늦어 사용하기 굉장히 불편합니다 개선가능한가요?,0
804,2020년 11월 20일,별표 5개 만점에 5개를 받았습니다.,좋아요,1
805,2020년 11월 20일,별표 5개 만점에 1개를 받았습니다.,업데이트를 뭐 이리 자주해요?,0
806,2020년 11월 20일,별표 5개 만점에 1개를 받았습니다.,한번에 묶어서 업데이트 해라 변동없이 맨날 업데이트냐!,0
807,2020년 11월 20일,별표 5개 만점에 1개를 받았습니다.,뭐 좋아지는건 1도 모르겠는데 업데이트 너무 자주해댐...필요할때 킬때마다 업데이트하라는거 너무 불편해요 업데이트 없이도 간단한건 가능하게 해주세요,0
808,2020년 11월 20일,별표 5개 만점에 1개를 받았습니다.,유플러스 통신네트워크 개선 한발 멀리한다. 고객이 봉임 ㅋㅋ,0
809,2020년 11월 19일,별표 5개 만점에 5개를 받았습니다.,"내 사용량을 확인하고, 장기고객혜택까지 있어서 좋아요",1
810,2020년 11월 19일,별표 5개 만점에 1개를 받았습니다.,하아,0
811,2020년 11월 19일,별표 5개 만점에 1개를 받았습니다.,ㅇ ㆍ업데이트만 요구하고실행은지연돼고? 업데이트11/17날 했는데 왜이렇게 자꾸업데이트를 요구하는 지 이해가 안되네요,0
812,2020년 11월 19일,별표 5개 만점에 4개를 받았습니다.,조아요,1
813,2020년 11월 19일,별표 5개 만점에 4개를 받았습니다.,좋음,1
814,2020년 11월 19일,별표 5개 만점에 1개를 받았습니다.,요금제는 타통신사보다 비싼데 혜택은 쓸모없는거만 잔뜩 들어가있네요.85000원 짜리 요금제가 sxx 75000원 짜리보다 별로. 다음에는 s사로 갈아타야겠네요,0
815,2020년 11월 19일,별표 5개 만점에 1개를 받았습니다.,너------무 느려요...,0
816,2020년 11월 19일,별표 5개 만점에 5개를 받았습니다.,굿,1
817,2020년 11월 19일,별표 5개 만점에 1개를 받았습니다.,이런 불편한 업댓은 왜 할까용??.. 도움이 1도 안됩니당ㅜ,0
818,2020년 11월 19일,별표 5개 만점에 4개를 받았습니다.,좋아요,1
819,2020년 11월 19일,별표 5개 만점에 3개를 받았습니다.,울산,1
820,2020년 11월 19일,별표 5개 만점에 1개를 받았습니다.,쓸데없는 업데이트 그만좀,0
821,2020년 11월 19일,별표 5개 만점에 1개를 받았습니다.,업데이트가 너무 자주잇어요 불편함,0
822,2020년 11월 19일,별표 5개 만점에 1개를 받았습니다.,이삼일전에했는데 쓰잘데기없는 업데이트는 또하는겁니까?,0
823,2020년 11월 19일,별표 5개 만점에 5개를 받았습니다.,조음,1
824,2020년 11월 19일,별표 5개 만점에 5개를 받았습니다.,뀨엑!,1
825,2020년 11월 19일,별표 5개 만점에 1개를 받았습니다.,멤버쉽할인하려고 앱을 열었더니 계속 업데이트라고만뜨고 안열려 결국 할인도 못받고 결재했는데~불편하게 뭐하는건지요!!!,0
826,2020년 11월 19일,별표 5개 만점에 1개를 받았습니다.,LGU+ 5G는 사기다. LTE보다 더 늦고 버퍼링만 가득.,0
827,2020년 11월 19일,별표 5개 만점에 5개를 받았습니다.,간편하네요,1
828,2020년 11월 19일,별표 5개 만점에 5개를 받았습니다.,여러가지 정보를 확인하기 위해 잘 사용하고 있급니다.,1
829,2020년 11월 19일,별표 5개 만점에 1개를 받았습니다.,소비자를 위한 업뎃을 해주세요.,0
830,2020년 11월 19일,별표 5개 만점에 4개를 받았습니다.,정확함,1
831,2020년 11월 19일,별표 5개 만점에 3개를 받았습니다.,생각 보다 괜찮은데 렉이 좀 걸리네요^^,1
832,2020년 11월 19일,별표 5개 만점에 2개를 받았습니다.,수고 하세요.,0
833,2020년 11월 19일,별표 5개 만점에 1개를 받았습니다.,1점도 아까움. 고객센터 앱을 왜 만든거임. 한 번 누르면 로딩중만 계속 뜸. 강재로 껐다 다시 들어가야함. 로딩 존 나 길어서 핵짜증,0
834,2020년 11월 19일,별표 5개 만점에 1개를 받았습니다.,몰라 걍 다 1점 주길래 나도 1점줌,0
835,2020년 11월 19일,별표 5개 만점에 1개를 받았습니다.,쓸데없는 업데이트 하지말지...뭔가하면 털릴거깉은 기분드네,0
836,2020년 11월 19일,별표 5개 만점에 1개를 받았습니다.,업데이트 좀 그만하자.,0
837,2020년 11월 19일,별표 5개 만점에 1개를 받았습니다.,데이터 선물하기 5기가라도 만들어줘요 가족데이터선물 막노동이 따로없어요,0
838,2020년 11월 19일,별표 5개 만점에 1개를 받았습니다.,제발 그만좀 업데이트 해제발,0
839,2020년 11월 19일,별표 5개 만점에 1개를 받았습니다.,"요금제에 데이터주고받기용으로 10기가를 두면 뭐합니까? 최대 1기가 2회가 최대에, 가족이어도 추가2회가 전부인데. 제발 생각이란 걸 하고 요금제를 내세요 좀. 주고받기 한도 늘려요 당장.",0
840,2020년 11월 19일,별표 5개 만점에 2개를 받았습니다.,"느리고,못알아먹고,여자친구데이터좀주고픈데 이런거나 업뎃해주~",0
841,2020년 11월 19일,별표 5개 만점에 1개를 받았습니다.,업그레이드 너무 느림요 달라지는것도 못느낌,0
842,2020년 11월 19일,별표 5개 만점에 1개를 받았습니다.,내가 고객센터앱때문에 무조건 u+은 번호이동 다시..안할듯싶다...,0
843,2020년 11월 19일,별표 5개 만점에 1개를 받았습니다.,업데이트가 안되네요 ㅡㅡ;;,0
844,2020년 11월 19일,별표 5개 만점에 5개를 받았습니다.,좋아요,1
845,2020년 11월 19일,별표 5개 만점에 5개를 받았습니다.,매우 만족합니다.,1
846,2020년 11월 19일,별표 5개 만점에 5개를 받았습니다.,너무 편리하고 하룬에 볼 수 있는 메뉴얼등도 최고!,1
847,2020년 11월 19일,별표 5개 만점에 5개를 받았습니다.,아니요,1
848,2020년 11월 19일,별표 5개 만점에 1개를 받았습니다.,업데이트 않했음 좋겠어요..ㅠ 가끔 용량이 부족해서요~,0
849,2020년 11월 19일,별표 5개 만점에 1개를 받았습니다.,사용자에게 도움되는거 1도 없는데 능력이 없으면 쓸데없이 업데이트나좀 안했으면 좋겟네요,0
850,2020년 11월 19일,별표 5개 만점에 5개를 받았습니다.,좋아요,1
851,2020년 11월 19일,별표 5개 만점에 5개를 받았습니다.,좋아요,1
852,2020년 11월 19일,별표 5개 만점에 4개를 받았습니다.,여러정보가 다 들어 있어서 찾아보기 좋네요,1
853,2020년 11월 19일,별표 5개 만점에 5개를 받았습니다.,좋아요,1
854,2020년 11월 19일,별표 5개 만점에 5개를 받았습니다.,잘 사용중~~~,1
855,2020년 11월 19일,별표 5개 만점에 5개를 받았습니다.,잘 사용하고 있습니다~~,1
856,2020년 11월 19일,별표 5개 만점에 4개를 받았습니다.,시작. 뭘 ?,1
857,2020년 11월 19일,별표 5개 만점에 3개를 받았습니다.,데이터 주고받기 용량 확대 문자확인 자동입력 해주세요,1
858,2020년 11월 19일,별표 5개 만점에 1개를 받았습니다.,잘되지도 않고 왜하는지 모르겠음,0
859,2020년 11월 19일,별표 5개 만점에 1개를 받았습니다.,엘지제품사용금지,0
860,2020년 11월 19일,별표 5개 만점에 5개를 받았습니다.,심심뿌리땅콩,1
861,2020년 11월 19일,별표 5개 만점에 5개를 받았습니다.,good,1
862,2020년 11월 19일,별표 5개 만점에 5개를 받았습니다.,전 넘 좋아여 굿,1
863,2020년 11월 19일,별표 5개 만점에 3개를 받았습니다.,알아서 잘하쇼 걷어차버리고싶네,1
864,2020년 11월 19일,별표 5개 만점에 1개를 받았습니다.,왜 업데이트함?,0
865,2020년 11월 19일,별표 5개 만점에 5개를 받았습니다.,Good,1
866,2020년 11월 19일,별표 5개 만점에 3개를 받았습니다.,데이터주기 개선좀 해주세요 한달에 나눠줄수있는 데이터는 한정되있다면 한번에 줄수있는 데이터도 1기가가아닌 더 줄수있게 해줘요 매번 귀찮아 죽겠어요,1
867,2020년 11월 19일,별표 5개 만점에 2개를 받았습니다.,무슨 업데이트를 이렇게 자주하남? ㅜㅜ,0
868,2020년 11월 19일,별표 5개 만점에 5개를 받았습니다.,굿,1
869,2020년 11월 19일,별표 5개 만점에 1개를 받았습니다.,부족오어어ㅓ어너ㅓ너ㅓ너어어ㅓ어어엉,0
870,2020년 11월 19일,별표 5개 만점에 5개를 받았습니다.,굿,1
871,2020년 11월 19일,별표 5개 만점에 5개를 받았습니다.,로딩창이 너무 느려요 최적화 부탁드립니다 노트10플러스 사용중입니다,1
872,2020년 11월 19일,별표 5개 만점에 5개를 받았습니다.,굳,1
873,2020년 11월 19일,별표 5개 만점에 5개를 받았습니다.,넘 조아요,1
874,2020년 11월 19일,별표 5개 만점에 1개를 받았습니다.,데이터 주고받기나 업글해주시오 장난하는 것도 아니고 이러니 떠나지,0
875,2020년 11월 19일,별표 5개 만점에 2개를 받았습니다.,그냥 저냥 쓰기는 하지만 많이 구린거 같아요,0
876,2020년 11월 19일,별표 5개 만점에 1개를 받았습니다.,데이터를 충전하기위해 데이터를 사용해 업데이트해야 들어가지는 최고의 앱,0
877,2020년 11월 18일,별표 5개 만점에 3개를 받았습니다.,속도가 느림,1
878,2020년 11월 18일,별표 5개 만점에 1개를 받았습니다.,통신사 고객센터어플중 제일쓰레기 막갖다넣어서 엄청헷갈리고 지저분하고 일단 어플중 제일느림ㅋㅋ 속터져,0
879,2020년 11월 18일,별표 5개 만점에 5개를 받았습니다.,괜춘,1
880,2020년 11월 18일,별표 5개 만점에 5개를 받았습니다.,좋아요,1
881,2020년 11월 18일,별표 5개 만점에 5개를 받았습니다.,편하고 좋네요..,1
882,2020년 11월 18일,별표 5개 만점에 5개를 받았습니다.,유플 혜택도많고 좋음,1
883,2020년 11월 18일,별표 5개 만점에 1개를 받았습니다.,왜자꾸 업데이트하냐,0
884,2020년 11월 18일,별표 5개 만점에 1개를 받았습니다.,무슨 앱을 시도 때도 없이 업데이트하고. 업데이트를 걸어놓으면 당장 사용하지도 못 하게 막아놔요? 강제 업데이트가 아니면 안 된다 이거요? 상점에서 통신사 할인 혜택을 쓰려고 할 때마다 앱을 막아놓으니 쓰지를 못하겠네. 누가 양아치 기업 아니랄까 봐.,0
885,2020년 11월 18일,별표 5개 만점에 5개를 받았습니다.,좋아요,1
886,2020년 11월 18일,별표 5개 만점에 2개를 받았습니다.,너무 느름.. 앱을 가볍게 만들어주세요,0
887,2020년 11월 18일,별표 5개 만점에 5개를 받았습니다.,좋아요,1
888,2020년 11월 18일,별표 5개 만점에 5개를 받았습니다.,매우좋아요,1
889,2020년 11월 18일,별표 5개 만점에 5개를 받았습니다.,Good,1
890,2020년 11월 18일,별표 5개 만점에 1개를 받았습니다.,"작년에 5g 구축된다면서, 온갖 기변 6년째 시키더니... 1년 쓰고도 위약금만 140만원을 물었네요. 사기꾼 LG, 이전비만 받고, 2달을 못 써도, 1년동안 TV 한 번 안 봤는데, 양아치 LG 위약금 없이 해지 가능했는데도, 자기들끼리 짜고, 기본료 할인? 어이없네요. 고객센터 반말 가까운 무음 통화, 그래서 어쩌라구? 니네동네가 엘지 안터지는 걸? 이럽디다. 기다리라고... 무조건 기다리랍디다. 150g 있음 뭐합니까? 집에서도 밖에서도 5g가 안 터지는데? 그래서 폰팔이, 양아치들이라고 하나봅니다. 해지한 폰은 가족 밖에 못 준다더니, 인터넷도 안된다더니, KT에서 개구라랍니다. 5g는 다 똑같이 안된다고... LTE 폰들이 단종돼서 그렇지, 라고... 그래서 인터넷 쓰지도 않고, 되지도 않습니다. KT로 갈아타려고요. 진짜 어이없는 엘지.. 짜고치는 고스톱에 똑똑한 소비자만 바보됐네요. 맨날 특가라고 기변만 시키더니... 혜택은 개뿔.",0
891,2020년 11월 18일,별표 5개 만점에 1개를 받았습니다.,갑갑한게~?챗봇으로돼 있는대 그게영 안된것같고~114걸면 전화를 왜안받고 그러는지~참 그리고 대리점 사람 바뀌면~왜 왔나?아 대충은 알겠는데~왜 사람을 바꾸고~그럼 그전에 계약했던 사람은 내가 볼수가 없는데~나이도 먹어게찌지만 젊은 새끼들이~짜증나게~휴대폰을 그리 얼마나 아는지-....-?인상이나 쓰고 있고 뭐 조폭이냐?,0
892,2020년 11월 18일,별표 5개 만점에 4개를 받았습니다.,사용하기가 편함,1
893,2020년 11월 18일,별표 5개 만점에 2개를 받았습니다.,몰라,0
894,2020년 11월 18일,별표 5개 만점에 5개를 받았습니다.,들어가기도편하고 한번에 정보가 같이나와서 보기도 참 좋았습니다,1
895,2020년 11월 18일,별표 5개 만점에 4개를 받았습니다.,괜찬아요,1
896,2020년 11월 18일,별표 5개 만점에 5개를 받았습니다.,응원할게요 화이팅,1
897,2020년 11월 18일,별표 5개 만점에 1개를 받았습니다.,업데이트 너무 자주 하는거 아닌가요 필요해서 열어보면 항상 업데이트 하라네,0
898,2020년 11월 18일,별표 5개 만점에 1개를 받았습니다.,바뀌는것도 별로없으면서 업데이트좀 작작해라 업데이트 안하면 사용못하게하는건 뭐냐,0
899,2020년 11월 18일,별표 5개 만점에 5개를 받았습니다.,와이파이키니까..데이타..소비적어요...,1
900,2020년 11월 18일,별표 5개 만점에 5개를 받았습니다.,굿,1
901,2020년 11월 18일,별표 5개 만점에 5개를 받았습니다.,굿,1
902,2020년 11월 18일,별표 5개 만점에 1개를 받았습니다.,😂,0
903,2020년 11월 18일,별표 5개 만점에 5개를 받았습니다.,편리성 만족성 우수성,1
904,2020년 11월 18일,별표 5개 만점에 1개를 받았습니다.,업뎃이 너무 잦음,0
905,2020년 11월 18일,별표 5개 만점에 5개를 받았습니다.,좋아요,1
906,2020년 11월 18일,별표 5개 만점에 5개를 받았습니다.,좋아요~~~,1
907,2020년 11월 18일,별표 5개 만점에 5개를 받았습니다.,굿굿,1
908,2020년 11월 18일,별표 5개 만점에 5개를 받았습니다.,간편하고 쓰기쉬어서 좋아요,1
909,2020년 11월 18일,별표 5개 만점에 5개를 받았습니다.,처음엔 잘 안 하다가 한번해보도록함,1
910,2020년 11월 18일,별표 5개 만점에 5개를 받았습니다.,편해요,1
911,2020년 11월 18일,별표 5개 만점에 1개를 받았습니다.,이번 업뎃을 어떻해 햇길래 데이터가 먹통됫음 통신사 바꿔야하나,0
912,2020년 11월 18일,별표 5개 만점에 5개를 받았습니다.,좋아요!!!!,1
913,2020년 11월 18일,별표 5개 만점에 5개를 받았습니다.,좋아용,1
914,2020년 11월 18일,별표 5개 만점에 5개를 받았습니다.,이 앱 넘 좋은데요?😆GS25에서 할인도 돼구!데이터 확인도 되고!넘넘 좋아용ㅎㅎ,1
915,2020년 11월 18일,별표 5개 만점에 4개를 받았습니다.,모셔온 글입니다.,1
916,2020년 11월 18일,별표 5개 만점에 1개를 받았습니다.,개엉망 약정끝남 기지국옮긴다 5년을 썼는데 맘에안듬,0
917,2020년 11월 17일,별표 5개 만점에 1개를 받았습니다.,구글 픽셀 안드로이드11에서 연결이 안되고 어플이 팅깁니다. 쓸데없는 기능을 자꾸 끼워넣지 말고 가볍게 해주세요,0
918,2020년 11월 17일,별표 5개 만점에 1개를 받았습니다.,업댓 해야지만 사용가능,0
919,2020년 11월 17일,별표 5개 만점에 5개를 받았습니다.,만족,1
920,2020년 11월 17일,별표 5개 만점에 1개를 받았습니다.,다운로드가 안되는데 왜일까요,0
921,2020년 11월 17일,별표 5개 만점에 5개를 받았습니다.,사용하기 좋아요,1
922,2020년 11월 17일,별표 5개 만점에 5개를 받았습니다.,유용합니다.,1
923,2020년 11월 17일,별표 5개 만점에 1개를 받았습니다.,5G라면서 요금은 5G요금으로 다받고 한번도 5G 터진 적도 없고 설령 5G연결 되면 전파가 약해서 프로그램이 멈춰버리고 ᆢ 이거 완전 도둑놈 심보 로구만 ㄱㅆㄲ들 내 담번에는 꼭 통신사 바꿔야지 ᆢㄱㅆㄲ들,0
924,2020년 11월 17일,별표 5개 만점에 1개를 받았습니다.,너무 안좋아요,0
925,2020년 11월 17일,별표 5개 만점에 1개를 받았습니다.,Ang KT#1,0
926,2020년 11월 17일,별표 5개 만점에 1개를 받았습니다.,업데이트가 한시간째 돌기만 합니다,0
927,2020년 11월 17일,별표 5개 만점에 1개를 받았습니다.,왜 업데이트가 안되나요???? 계속 몇시간째 안됩니다,0
928,2020년 11월 17일,별표 5개 만점에 4개를 받았습니다.,좋아요~~~~,1
929,2020년 11월 16일,별표 5개 만점에 5개를 받았습니다.,ㄴㄷㅈ시,1
930,2020년 11월 16일,별표 5개 만점에 1개를 받았습니다.,이게 왜업댓?,0
931,2020년 11월 16일,별표 5개 만점에 1개를 받았습니다.,먼업데이트를 하루종일 하냐 장난두이니구 5g 요금에 무지느리구 쓰러기가돼가네,0
932,2020년 11월 16일,별표 5개 만점에 5개를 받았습니다.,굿,1
933,2020년 11월 16일,별표 5개 만점에 1개를 받았습니다.,업데이트 개똥인듯 5g라그런가.... 뭔대기중을 30분을 해먹네.....하아스트레스,0
934,2020년 11월 16일,별표 5개 만점에 1개를 받았습니다.,앱고객센터인데 메뉴하나하나 클릭할때마다 로딩시간 너무길고 바로바로안뜸 예전에는 안그랬는데 실망 다른 통신사들도 안그런데....,0
935,2020년 11월 16일,별표 5개 만점에 5개를 받았습니다.,미리 알게되서 좋아요,1
936,2020년 11월 16일,별표 5개 만점에 1개를 받았습니다.,미치겠다 ~~ 한시간 넘게 안깔리는데 왜? 장기고객인디~ 갈아타야지~xx,0
937,2020년 11월 16일,별표 5개 만점에 1개를 받았습니다.,유플 내 중딩때부터 썼지만..구데기,0
938,2020년 11월 15일,별표 5개 만점에 5개를 받았습니다.,항상 잘 사용합니다.,1
939,2020년 11월 15일,별표 5개 만점에 5개를 받았습니다.,너무 늦어요,1
940,2020년 11월 15일,별표 5개 만점에 1개를 받았습니다.,LG알뜰폰이라 U+사이트에서 가입하고 고객센터 앱 다운 받아서 로그인하는데 계속 가입이 안된 아이디라고 나오네요.뭐죠?,0
941,2020년 11월 15일,별표 5개 만점에 1개를 받았습니다.,업데이트는 세월아 내월아~임,0
942,2020년 11월 15일,별표 5개 만점에 2개를 받았습니다.,불편해요 기기가 않 좋은것 같어요,0
943,2020년 11월 15일,별표 5개 만점에 1개를 받았습니다.,죡가튼련들 5g요금내고 4g쓰게함,0
944,2020년 11월 15일,별표 5개 만점에 1개를 받았습니다.,하루종일2박3일업데이트중왕짜증,0
945,2020년 11월 14일,별표 5개 만점에 1개를 받았습니다.,업데이트 거북이네요 참나,0
946,2020년 11월 14일,별표 5개 만점에 4개를 받았습니다.,업데이트 대기시간이 너무길어요,1
947,2020년 11월 14일,별표 5개 만점에 3개를 받았습니다.,요금알아보ㄱ,1
948,2020년 11월 14일,별표 5개 만점에 5개를 받았습니다.,최고의서비스입니다,1
949,2020년 11월 14일,별표 5개 만점에 1개를 받았습니다.,업데이트,0
950,2020년 11월 14일,별표 5개 만점에 1개를 받았습니다.,데이터 주고받기 힘드네요...,0
951,2020년 11월 14일,별표 5개 만점에 5개를 받았습니다.,최고로 좋아요,1
952,2020년 11월 14일,별표 5개 만점에 3개를 받았습니다.,앱이 어떤역할을 하는지 잘 모르겠음,1
953,2020년 11월 14일,별표 5개 만점에 5개를 받았습니다.,만족,1
954,2020년 11월 14일,별표 5개 만점에 4개를 받았습니다.,좋아요,1
955,2020년 11월 14일,별표 5개 만점에 1개를 받았습니다.,"다운로드도 않된다., 어제부터...,",0
956,2020년 11월 13일,별표 5개 만점에 1개를 받았습니다.,대이터 개같음,0
957,2020년 11월 13일,별표 5개 만점에 1개를 받았습니다.,",서비스 가 별로",0
958,2020년 11월 13일,별표 5개 만점에 5개를 받았습니다.,아주 좋아요^♥^,1
959,2020년 11월 13일,별표 5개 만점에 1개를 받았습니다.,5년을 썼는데 뭐하나 주는게 없다,0
960,2020년 11월 13일,별표 5개 만점에 5개를 받았습니다.,감사합니다,1
961,2020년 11월 13일,별표 5개 만점에 5개를 받았습니다.,바르고깨끗한느낌,1
962,2020년 11월 13일,별표 5개 만점에 1개를 받았습니다.,매우 조옷같음,0
963,2020년 11월 13일,별표 5개 만점에 1개를 받았습니다.,고객들의 서비스 향상을 위해 들어갈 때 마다 업데이트를 하다니 고객을 생각하는 그 모습 보기 아주 좋습니다,0
964,2020년 11월 13일,별표 5개 만점에 1개를 받았습니다.,문닫아라,0
965,2020년 11월 13일,별표 5개 만점에 3개를 받았습니다.,굼떠요.. 사용내역 업데이트가 늦음,1
966,2020년 11월 13일,별표 5개 만점에 1개를 받았습니다.,5G 거지같네,0
967,2020년 11월 13일,별표 5개 만점에 5개를 받았습니다.,좋아요,1
968,2020년 11월 13일,별표 5개 만점에 5개를 받았습니다.,힘듬,1
969,2020년 11월 13일,별표 5개 만점에 1개를 받았습니다.,강제...,0
970,2020년 11월 13일,별표 5개 만점에 1개를 받았습니다.,진짜로 데이터주기 용량좀 변경해주세요!!! 1기가씩... 나원참....5g시대자나요... 변해야죠ㅠ,0
971,2020년 11월 13일,별표 5개 만점에 1개를 받았습니다.,업데이트는 세월아네월아걸리고 되지도 않는데 자꾸 업데이트하라고 떠서 정작 필요할때 사용을 못 하는 고객센터가 왜 있는건지 모르겠어요. 고객을 위해 존재해야하는게 고객센터 앱이 아닐까요. 매번 무슨 업데이트를 그렇게 하는지 필요한때 사용이 안 되네요. 폰도 엘지인데 엘지는 엘지끼리 잘 호환이 안되는 기능이라도 있나요...? 계속 이러니 화가나서 평점남겨요,0
972,2020년 11월 13일,별표 5개 만점에 1개를 받았습니다.,업데이트 정말 느려터지네ㅡ데이타 잡아먹는구나.😤🤬,0
973,2020년 11월 13일,별표 5개 만점에 3개를 받았습니다.,유플러스 그룹통화 9명까지던데 더 추가해서 할수있게 지원해주면 좋겠습니다. 타사는 30 명넘게 그룹콜 가능하던데 장기고객으로 유플러스도 기술지원이 더 빨리 이루어지면 좋겠습니다,1
974,2020년 11월 13일,별표 5개 만점에 5개를 받았습니다.,좋아요,1
975,2020년 11월 13일,별표 5개 만점에 1개를 받았습니다.,5g요금만내고 개선은하나도 안돼고 멘트만날리고 이럴거면 이거반정도쓰고 통신사옴기는게 좋을듯 해택 하나도 보는게없는데 이요그쓰면서 lte라인받게안터지면서 요금은요금대로 할인은 안햐둘라고하고 자기배만뷸리겟고 고객은 너는떠들어라는말이네요10년을넘게썻는데 이렇케대할줄몰랏네요 다시는 엘지랑인연을끊어야지 요금은올라가고 혜택은 완전줄이고실속만챙기는엘지더이상 저를고객으로생각안하는듯하네요,0
976,2020년 11월 12일,별표 5개 만점에 5개를 받았습니다.,잘쓰고있습니당,1
977,2020년 11월 12일,별표 5개 만점에 3개를 받았습니다.,모데를 얼마나 썼는지 알아서 넘 좋아요,1
978,2020년 11월 12일,별표 5개 만점에 5개를 받았습니다.,good,1
979,2020년 11월 12일,별표 5개 만점에 1개를 받았습니다.,업데이트 뱅뱅돌기만 몇십분 기다려도 안된다,0
980,2020년 11월 12일,별표 5개 만점에 3개를 받았습니다.,업데이트 너무 자주해서 불편해.,1
981,2020년 11월 12일,별표 5개 만점에 1개를 받았습니다.,회원가입하고 로그인하려니까 해당상품가입안되있다그러고 버근가보다 하고 다시만드려니까 해당실명은이미가입되어있다그러고 다른페이지들어가지더니 거기선로그인되고 문자안내해준페이지들어가려니까 다시 로그인안되는 페이지로 넘어가고 내가 코딩해도 이것보단 잘짜겠다 ^^ 기분 개 더럽네,0
982,2020년 11월 12일,별표 5개 만점에 5개를 받았습니다.,편함,1
983,2020년 11월 12일,별표 5개 만점에 1개를 받았습니다.,업데이트 그만좀ㅡㅡ,0
984,2020년 11월 12일,별표 5개 만점에 5개를 받았습니다.,좋아요,1
985,2020년 11월 12일,별표 5개 만점에 1개를 받았습니다.,너무 느려요 답답해요,0
986,2020년 11월 12일,별표 5개 만점에 3개를 받았습니다.,그냥 사용중입니다.,1
987,2020년 11월 12일,별표 5개 만점에 1개를 받았습니다.,맨날 화면이동중이래,0
988,2020년 11월 12일,별표 5개 만점에 5개를 받았습니다.,좋아하고 또 사랑하고 행복합니다,1
989,2020년 11월 12일,별표 5개 만점에 2개를 받았습니다.,타 통신사들 발전할 때 어째서 유플은 퇴화하는 거죠?,0
990,2020년 11월 11일,별표 5개 만점에 1개를 받았습니다.,정상적으로 인증이 뭐임 대체?크롬 네이버 인터넷 어플 3가지로 다해봐도 정상적인증 아니라고 다시하라네 인증에 성공하였습니다 메세지 뜨고 이러니까 더 열받네 제발 관리좀하세요.,0
991,2020년 11월 11일,별표 5개 만점에 1개를 받았습니다.,계속 업데이트대기중이에요 핸드폰결제 하려고 고객센터 들어갔더니 업데이트 하라해서 업데이트 하려 하는데 계속대기중 이고 욕만 나오네요 통신사를 바꾸고 싶을정도로 짜증 이빠이 나네요,0
992,2020년 11월 11일,별표 5개 만점에 5개를 받았습니다.,굿,1
993,2020년 11월 11일,별표 5개 만점에 1개를 받았습니다.,계속 대기네 열받네,0
994,2020년 11월 11일,별표 5개 만점에 5개를 받았습니다.,유플러스고객센터좋아요,1
995,2020년 11월 11일,별표 5개 만점에 4개를 받았습니다.,좋습니다,1
996,2020년 11월 11일,별표 5개 만점에 4개를 받았습니다.,좋아요,1
997,2020년 11월 11일,별표 5개 만점에 5개를 받았습니다.,매우만족,1
998,2020년 11월 11일,별표 5개 만점에 2개를 받았습니다.,여러가지가있어서 헸갈립니다,0
999,2020년 11월 11일,별표 5개 만점에 4개를 받았습니다.,"실시간,간편하게,사용가능합",1
1000,2020년 11월 11일,별표 5개 만점에 1개를 받았습니다.,업데이트 다시는 안할 정도로 한번에 끝내는 회사가 되길 바랍니다,0
1001,2020년 11월 11일,별표 5개 만점에 5개를 받았습니다.,걍그럭저럭,1
1002,2020년 11월 11일,별표 5개 만점에 1개를 받았습니다.,젖같어~~!!,0
1003,2020년 11월 11일,별표 5개 만점에 1개를 받았습니다.,아니 난 이번달 청구서 보로왔건만 뭔계속 업데이트 업데이트 청구서는 그냥 볼수있게끔해주던가요 무슨 업데이트안해놓으면 못보게끔설정해놓은것도모자라서 쓸대없는것만 업데이트하라고하고있고 데이터요금만 더나오고 짜증나네,0
1004,2020년 11월 11일,별표 5개 만점에 5개를 받았습니다.,유플러스 고객이라면 당연히 사용하겠지만 편리하게 잘 만들어진거 같아 별5개로 평가합니다. 개인적인 기준이지만요!,1
1005,2020년 11월 10일,별표 5개 만점에 1개를 받았습니다.,별로다.,0
1006,2020년 11월 10일,별표 5개 만점에 1개를 받았습니다.,쓸데없이 업데이트를하랍니까,0
1007,2020년 11월 10일,별표 5개 만점에 1개를 받았습니다.,뭔눔의 업뎃이 이리도 느림 폰이 이상한건가.!밤이라 와이파이가 느린건가. 무튼 유플은 이상해,0
1008,2020년 11월 10일,별표 5개 만점에 2개를 받았습니다.,도대체 몇분을 기다려야 업데이트 되는건가요? 10분정도 지난거 같은데 짜증나서 못하겟네요,0
1009,2020년 11월 10일,별표 5개 만점에 1개를 받았습니다.,솔직히 쓰레기 같음 이제 얼마 안남았는데 할부 끝나면 sk로 넘어가야지,0
1010,2020년 11월 10일,별표 5개 만점에 5개를 받았습니다.,A/s 신속하게 처리 해주어서 맘에듬,1
1011,2020년 11월 10일,별표 5개 만점에 1개를 받았습니다.,업데이트가 와이라누,0
1012,2020년 11월 10일,별표 5개 만점에 4개를 받았습니다.,좋아요,1
1013,2020년 11월 10일,별표 5개 만점에 4개를 받았습니다.,데이터쿠폰 다 쓰면 갈아타야지~,1
1014,2020년 11월 10일,별표 5개 만점에 4개를 받았습니다.,😊😊😊😊😊,1
1015,2020년 11월 10일,별표 5개 만점에 1개를 받았습니다.,사용안함전혀?,0
1016,2020년 11월 10일,별표 5개 만점에 1개를 받았습니다.,실용성 x,0
1017,2020년 11월 10일,별표 5개 만점에 5개를 받았습니다.,굿~**,1
1018,2020년 11월 10일,별표 5개 만점에 4개를 받았습니다.,편리합니다.,1
1019,2020년 11월 10일,별표 5개 만점에 1개를 받았습니다.,아니 통신사 어플에 대기를 걸어놓다니 서버 비용을 아끼는 참신함인가..,0
1020,2020년 11월 10일,별표 5개 만점에 1개를 받았습니다.,엘지는 항상 뭔가 부족해....다 비정규직으로 바꾸고 정규직 다 짤라야함,0
1021,2020년 11월 10일,별표 5개 만점에 1개를 받았습니다.,업데이트 몇일째 너무 안됨ㅡㅡ 속도가 왜 이모양인지,0
1022,2020년 11월 9일,별표 5개 만점에 4개를 받았습니다.,쏘쏘,1
1023,2020년 11월 9일,별표 5개 만점에 1개를 받았습니다.,업데이트 왜안되는거죠,0
1024,2020년 11월 9일,별표 5개 만점에 1개를 받았습니다.,ㅡㅡ..왜업데이트안되나용.. 용량부족도 아닌데..,0
1025,2020년 11월 9일,별표 5개 만점에 5개를 받았습니다.,좋아요,1
1026,2020년 11월 9일,별표 5개 만점에 1개를 받았습니다.,무제한 데이터 맞나? 영화나 애니보는데 왜 이렇게 느리냐?!!!,0
1027,2020년 11월 9일,별표 5개 만점에 1개를 받았습니다.,업데이트가 안됩니다,0
1028,2020년 11월 9일,별표 5개 만점에 2개를 받았습니다.,정작 사용하는 시간은 적은 반면에 업데이트는 자주 하래요..,0
1029,2020년 11월 9일,별표 5개 만점에 3개를 받았습니다.,"네 ㅡ,ᆞ.ㆍㅂ",1
1030,2020년 11월 9일,별표 5개 만점에 3개를 받았습니다.,앱에 있는 ai채팅을 쓰려고 했는데 자꾸 로그아웃이 되었다고 뜹니다 이유도 모르겠고 업데이트랑 뭐 해볼건 다해봤는데 그러네요,1
1031,2020년 11월 9일,별표 5개 만점에 1개를 받았습니다.,5g lte 둘다 안 터질땐 드럽게 안터짐,0
1032,2020년 11월 9일,별표 5개 만점에 2개를 받았습니다.,너무 늘여요~~,0
1033,2020년 11월 9일,별표 5개 만점에 1개를 받았습니다.,업데이트다운로드 대기중이 몇시간째인지 벌하나도 아까움,0
1034,2020년 11월 9일,별표 5개 만점에 5개를 받았습니다.,자세하고 사용이 편함,1
1035,2020년 11월 9일,별표 5개 만점에 5개를 받았습니다.,Good,1
1036,2020년 11월 8일,별표 5개 만점에 1개를 받았습니다.,데이터느리고통화도안좋아서민원도많이넣고엄청고통스럽네요....두번다시는엘지안씁니다이제....,0
1037,2020년 11월 8일,별표 5개 만점에 1개를 받았습니다.,상담사 절대절대 연락 안받음 한시간째 통화 해도 안받음 스트레스끝판왕 인원을 늘리던지 야간부서 없애던지 스트레스끝판왕,0
1038,2020년 11월 8일,별표 5개 만점에 1개를 받았습니다.,완전 느리고 서비스엉망 계약기간끝나면 엘지는 절대! 이용안할꺼임,0
1039,2020년 11월 8일,별표 5개 만점에 4개를 받았습니다.,굿모닝,1
1040,2020년 11월 8일,별표 5개 만점에 1개를 받았습니다.,왜케느려졋나요 ..갈아타야하나..,0
1041,2020년 11월 8일,별표 5개 만점에 1개를 받았습니다.,업데이트 하라면서 되지가 않아요,0
1042,2020년 11월 8일,별표 5개 만점에 1개를 받았습니다.,업데이트가 안됨,0
1043,2020년 11월 8일,별표 5개 만점에 1개를 받았습니다.,업데이트가 너무 잦음,0
1044,2020년 11월 8일,별표 5개 만점에 1개를 받았습니다.,앱은 열리지않고 업데이트도 안됨,0
1045,2020년 11월 8일,별표 5개 만점에 1개를 받았습니다.,너무 느림,0
1046,2020년 11월 8일,별표 5개 만점에 1개를 받았습니다.,쓸데 없는 업데이트는 그만하고 데이터 주고받기 업그레이드나 하쇼. 1기가가 옛날에나 1기가지 요즘 그게 큰 거요? 그렇게 향수에 젖을 거면 메가 단위로 하지 황송하게 기가로 하는 거요? 5기가 10기가 단위 추가해주는 게 그렇게 어려운가요?,0
1047,2020년 11월 8일,별표 5개 만점에 4개를 받았습니다.,구구,1
1048,2020년 11월 8일,별표 5개 만점에 5개를 받았습니다.,굿,1
1049,2020년 11월 8일,별표 5개 만점에 5개를 받았습니다.,없음,1
1050,2020년 11월 8일,별표 5개 만점에 1개를 받았습니다.,도대체 어쩌라는건지 U+ 어플 들어갈려고 했는데 새로 다운로드 받으라고해서 플레이스토어 가서 다운받으려니 계속 다운로드대기중만 뜨고 어플도 안들어가 지고... 밤새 다운로드대기중만 뜨고,0
1051,2020년 11월 8일,별표 5개 만점에 1개를 받았습니다.,별로임 LGU풀러 다신 안쓴다,0
1052,2020년 11월 8일,별표 5개 만점에 5개를 받았습니다.,좋네요,1
1053,2020년 11월 8일,별표 5개 만점에 5개를 받았습니다.,아주좋아요,1
1054,2020년 11월 8일,별표 5개 만점에 4개를 받았습니다.,최고 짱,1
1055,2020년 11월 8일,별표 5개 만점에 5개를 받았습니다.,너무좋읍니다,1
1056,2020년 11월 8일,별표 5개 만점에 4개를 받았습니다.,좋음,1
1057,2020년 11월 7일,별표 5개 만점에 1개를 받았습니다.,로그인이 잘 안됨,0
1058,2020년 11월 7일,별표 5개 만점에 1개를 받았습니다.,느림,0
1059,2020년 11월 7일,별표 5개 만점에 5개를 받았습니다.,아주좋음,1
1060,2020년 11월 7일,별표 5개 만점에 1개를 받았습니다.,허허..,0
1061,2020년 11월 7일,별표 5개 만점에 1개를 받았습니다.,쓸수있게 만들어요 접근성 용의하게,0
1062,2020년 11월 7일,별표 5개 만점에 1개를 받았습니다.,Vip vvip 등 별 다른 혜택없음 영화 보는거뿐,0
1063,2020년 11월 7일,별표 5개 만점에 5개를 받았습니다.,굿,1
1064,2020년 11월 7일,별표 5개 만점에 5개를 받았습니다.,조아조아,1
1065,2020년 11월 7일,별표 5개 만점에 1개를 받았습니다.,쓰레기,0
1066,2020년 11월 7일,별표 5개 만점에 1개를 받았습니다.,벨루임,0
1067,2020년 11월 7일,별표 5개 만점에 5개를 받았습니다.,데이터,1
1068,2020년 11월 7일,별표 5개 만점에 5개를 받았습니다.,"용량도 적절, 사용도 편리합니다.",1
1069,2020년 11월 7일,별표 5개 만점에 5개를 받았습니다.,편리하고 다양한 서비스가 좋아요...,1
1070,2020년 11월 7일,별표 5개 만점에 5개를 받았습니다.,굿,1
1071,2020년 11월 7일,별표 5개 만점에 5개를 받았습니다.,LG 는 사랑,1
1072,2020년 11월 7일,별표 5개 만점에 1개를 받았습니다.,좋다,0
1073,2020년 11월 7일,별표 5개 만점에 5개를 받았습니다.,좋아요,1
1074,2020년 11월 6일,별표 5개 만점에 1개를 받았습니다.,업데이트가 안됩니다 너무 불편하네요,0
1075,2020년 11월 6일,별표 5개 만점에 1개를 받았습니다.,다른 기지국으로 갈아타고싶은 생각이 자주듭니다 통신망에 신경 좀 쓰시죠?,0
1076,2020년 11월 6일,별표 5개 만점에 5개를 받았습니다.,감사드립니다?,1
1077,2020년 11월 6일,별표 5개 만점에 5개를 받았습니다.,굿,1
1078,2020년 11월 6일,별표 5개 만점에 1개를 받았습니다.,U플은 망해야 함.,0
1079,2020년 11월 6일,별표 5개 만점에 3개를 받았습니다.,그저 그렇다,1
1080,2020년 11월 6일,별표 5개 만점에 5개를 받았습니다.,걍 좋네,1
1081,2020년 11월 6일,별표 5개 만점에 1개를 받았습니다.,별1개도아깝다 약정끝나자마자 에스케이간다,0
1082,2020년 11월 6일,별표 5개 만점에 1개를 받았습니다.,5g는 왜 2배쿠폰 못쓰나요?,0
1083,2020년 11월 6일,별표 5개 만점에 5개를 받았습니다.,굿입니다,1
1084,2020년 11월 6일,별표 5개 만점에 5개를 받았습니다.,真好。아싸라빙요 호빙요.,1
1085,2020년 11월 6일,별표 5개 만점에 5개를 받았습니다.,사용편함,1
1086,2020년 11월 6일,별표 5개 만점에 5개를 받았습니다.,"데이터 주고받음ㅋ 뭐 좋네,,,,,,,,,,,,,,",1
1087,2020년 11월 6일,별표 5개 만점에 1개를 받았습니다.,엄청느림...,0
1088,2020년 11월 6일,별표 5개 만점에 1개를 받았습니다.,챗봇 하려고하면 자동 로그아웃됨.,0
1089,2020년 11월 6일,별표 5개 만점에 5개를 받았습니다.,좋아요,1
1090,2020년 11월 6일,별표 5개 만점에 1개를 받았습니다.,아니 믄일이래요 평소 이짝 통신사 할인도 없어서 이용안하는데 달랑 뜨레쥬르할인받을라고 왔드만 업데이트하라해서 받는데 업데이트도안되고 업데이트나중에 선택도없고 바코드도안열리궁 진짜 짜증지대루 ㅜㅜ 3년째 약정때미쓰는데 .. 화딱지나서ㅜㅜ,0
1091,2020년 11월 6일,별표 5개 만점에 5개를 받았습니다.,아주좋아요,1
1092,2020년 11월 6일,별표 5개 만점에 5개를 받았습니다.,빠른 서비스에 감사드립니다,1
1093,2020년 11월 6일,별표 5개 만점에 5개를 받았습니다.,사용자가 사용 좋습니당,1
1094,2020년 11월 6일,별표 5개 만점에 5개를 받았습니다.,조아!,1
1095,2020년 11월 6일,별표 5개 만점에 4개를 받았습니다.,좋아요!!!,1
1096,2020년 11월 6일,별표 5개 만점에 3개를 받았습니다.,좋아요^^,1
1097,2020년 11월 6일,별표 5개 만점에 1개를 받았습니다.,아니 갑자기 이틀뒤까지 핸드폰요금 내라는 경우는 뭐죠? 진짜 존@나게어이가없네 ㅡㅡ,0
1098,2020년 11월 6일,별표 5개 만점에 1개를 받았습니다.,지하철에서 와이파이가 넘 연결이끊깁니다 ㅠㅠ,0
1099,2020년 11월 6일,별표 5개 만점에 5개를 받았습니다.,좋아요,1
1100,2020년 11월 6일,별표 5개 만점에 1개를 받았습니다.,반중친미,0
1101,2020년 11월 6일,별표 5개 만점에 5개를 받았습니다.,실버 입장으로 불편감없음,1
1102,2020년 11월 6일,별표 5개 만점에 5개를 받았습니다.,굿아주 좋아요....,1
1103,2020년 11월 6일,별표 5개 만점에 5개를 받았습니다.,쓸수록 좋아요.,1
1104,2020년 11월 6일,별표 5개 만점에 1개를 받았습니다.,그냥 업데이트하지마 개뿔 발전되는것도없으면서 멀 야금야금하냐??? 연습은 집에서 혼자서만 해 배포할려고하지말고,0
1105,2020년 11월 6일,별표 5개 만점에 1개를 받았습니다.,업데이트가 안돼네요,0
1106,2020년 11월 6일,별표 5개 만점에 1개를 받았습니다.,연결시간이 너무길다ㅡㅡ 욕나온다 LTE. 잡아먹는ㅡㅡ,0
1107,2020년 11월 6일,별표 5개 만점에 1개를 받았습니다.,업데이트 도안되고 계속돌기만하니 어떤앱이든 빙글빙글 돌기만하지 업데이트 가되덜안해요,0
1108,2020년 11월 5일,별표 5개 만점에 5개를 받았습니다.,나이 들었어도할수있어요,1
1109,2020년 11월 5일,별표 5개 만점에 3개를 받았습니다.,요즘 위젯이 자꾸 먹통입니다.,1
1110,2020년 11월 5일,별표 5개 만점에 1개를 받았습니다.,요금제 무제한인디 유튜브가 끊긴다.. 이게말이되냐..?,0
1111,2020년 11월 5일,별표 5개 만점에 5개를 받았습니다.,굿,1
1112,2020년 11월 5일,별표 5개 만점에 5개를 받았습니다.,편리하고 친절하고 정확하고 좋아요....!,1
1113,2020년 11월 5일,별표 5개 만점에 5개를 받았습니다.,감사합니다,1
1114,2020년 11월 5일,별표 5개 만점에 3개를 받았습니다.,변리한기능,1
1115,2020년 11월 5일,별표 5개 만점에 1개를 받았습니다.,이런 머 같이 업데이트 해놨노 짜증나게시리,0
1116,2020년 11월 5일,별표 5개 만점에 1개를 받았습니다.,데이터 속도 반토막 났습니다 ㅋㅋㅋㅋㅋㅋㅋㅋㅋㅋ 저만 그런게아닌거같더군요 ㅋㅋㅋ 유플러스 빠이,0
1117,2020년 11월 5일,별표 5개 만점에 4개를 받았습니다.,그냥 좋아서~,1
1118,2020년 11월 5일,별표 5개 만점에 1개를 받았습니다.,드럽게 느림,0
1119,2020년 11월 5일,별표 5개 만점에 5개를 받았습니다.,좋아요,1
1120,2020년 11월 5일,별표 5개 만점에 1개를 받았습니다.,렉이 오지게 걸리죠? 별 하나도 아깝다,0
1121,2020년 11월 5일,별표 5개 만점에 4개를 받았습니다.,",요금제",1
1122,2020년 11월 5일,별표 5개 만점에 1개를 받았습니다.,개똥같음,0
1123,2020년 11월 5일,별표 5개 만점에 5개를 받았습니다.,굿,1
1124,2020년 11월 5일,별표 5개 만점에 5개를 받았습니다.,좋습니다,1
1125,2020년 11월 5일,별표 5개 만점에 5개를 받았습니다.,굿,1
1126,2020년 11월 5일,별표 5개 만점에 5개를 받았습니다.,굿,1
1127,2020년 11월 5일,별표 5개 만점에 4개를 받았습니다.,Very Good.,1
1128,2020년 11월 5일,별표 5개 만점에 5개를 받았습니다.,편리해요,1
1129,2020년 11월 5일,별표 5개 만점에 5개를 받았습니다.,좋아,1
1130,2020년 11월 5일,별표 5개 만점에 4개를 받았습니다.,괜찬아요,1
1131,2020년 11월 5일,별표 5개 만점에 4개를 받았습니다.,빠르고 좋습니다,1
1132,2020년 11월 5일,별표 5개 만점에 1개를 받았습니다.,진짜 더럽게 끊기네 다시는 유플은 안한다 산골짜기도 아니고 도심지에서 끊기는게 말인가,0
1133,2020년 11월 5일,별표 5개 만점에 1개를 받았습니다.,뭐가 이렇게 느린가요!,0
1134,2020년 11월 5일,별표 5개 만점에 5개를 받았습니다.,Thank you,1
1135,2020년 11월 5일,별표 5개 만점에 5개를 받았습니다.,쓰기편하고 좋아요,1
1136,2020년 11월 5일,별표 5개 만점에 1개를 받았습니다.,하루종일업데이트하니깐불편하네요,0
1137,2020년 11월 5일,별표 5개 만점에 5개를 받았습니다.,최고에요,1
1138,2020년 11월 5일,별표 5개 만점에 5개를 받았습니다.,이거ㅜ지우고 싶으면 유튜브 검색어에 갤럭시 기본앱 삭제하여 갤럭세 성능 향상시키기 치면 나오는데 그대로 따라하면 이 앱 지울수 있어요 참고로 겔럭시 s6 되요 삼성 기종 다 되요,1
1139,2020년 11월 5일,별표 5개 만점에 5개를 받았습니다.,굿,1
1140,2020년 11월 5일,별표 5개 만점에 1개를 받았습니다.,모름,0
1141,2020년 11월 5일,별표 5개 만점에 4개를 받았습니다.,좀 느리긴 하지만 나름 유용하게 잘쓰고 있어요 평이 되게 낮네요 ..ㅋㅋ,1
1142,2020년 11월 5일,별표 5개 만점에 5개를 받았습니다.,좋아요,1
1143,2020년 11월 5일,별표 5개 만점에 2개를 받았습니다.,다른건 참을만한데 잘몰라 고객센터에 전화를하면 왜 꼭 영업을 하는지...가입 안한다 해도 계속 꼬치꼬치 물어고냐고~~매번...세상에 공짜가 어딨냐,0
1144,2020년 11월 5일,별표 5개 만점에 1개를 받았습니다.,안좋다,0
1145,2020년 11월 5일,별표 5개 만점에 5개를 받았습니다.,쉽게 알아볼수있어 좋아요,1
1146,2020년 11월 5일,별표 5개 만점에 1개를 받았습니다.,대구 2호선에어 유플러스존 개선 좀 해요 짜쯩짜쯩,0
1147,2020년 11월 5일,별표 5개 만점에 1개를 받았습니다.,업데이트 하루종일함??,0
1148,2020년 11월 5일,별표 5개 만점에 5개를 받았습니다.,좋아요,1
1149,2020년 11월 5일,별표 5개 만점에 2개를 받았습니다.,데이터 너무 느려요 이럴거면 왜 데이터 무제한 요금제가 있는지 모를정도로 느려요 회사나 집이 시골도 아니고 데이터 안터져서 속터집니다. 할부 끝나면 바로 통신사 옮길거에요. 제발 개선 좀 부탁드립니다. 일하세요 유플러스,0
1150,2020년 11월 5일,별표 5개 만점에 1개를 받았습니다.,"이번에 업데이트 했는데 쓸데없는 챗봇이나 업데이트 하고 있고, 챗봇도 데이터 주고받기 누르면 로그아웃 되었다고 튕기고, 데이터 주고받기할때 5GB 하나만 추가해달라고 그렇게 여러명이 소리를 쳐도 다른걸로 돈 벌어먹으려고 다른 서비스 이용하라고 답글이나 달고 있고, 다른 기본 어플 업데이트 부분도 다른 통신사보다 늦는편이고 자잘하게 다 기억은 못하겠지만 어쨌든 가족들 같이 묶여있어서 반강제로 쓰고 있네요 많은걸 수용할 수 없더라도 사용하는 고객을 위해 가장 필요한 부분이 무엇일까 고민하며 한 두개 정도는 편의성을 위해 업데이트 해주는 것이 좋지 않을까 생각합니다. 매번 달마다 40기가를 1기가씩 1분씩 기다리면서 배분하려니 정말 힘이 들어 써봅니다. 계속 폰만 붙잡고 사는것도 아닌데 시간대비 효율성이 너무 떨어집니다.",0
1151,2020년 11월 5일,별표 5개 만점에 1개를 받았습니다.,인터넷 너무느려 답답해,0
1152,2020년 11월 5일,별표 5개 만점에 5개를 받았습니다.,좋아요,1
1153,2020년 11월 5일,별표 5개 만점에 2개를 받았습니다.,진짜 10년 넘게 엘지 쓰는데 기변 할라해도 혜택도 다른 통신사보다 적은거 같고 그동안 번호이동 안하고 쓴 나만 바보같네 이제는 진짜 떠나야겠네,0
1154,2020년 11월 5일,별표 5개 만점에 4개를 받았습니다.,앱이 보기좋게 구성되어 있고 편리하네요,1
1155,2020년 11월 5일,별표 5개 만점에 5개를 받았습니다.,잘쓰고 있습니다.,1
1156,2020년 11월 5일,별표 5개 만점에 5개를 받았습니다.,굿,1
1157,2020년 11월 5일,별표 5개 만점에 4개를 받았습니다.,편하고 괜찮음.. 근데 데이터 별로 사용하지 않았는데..그렇게 많아던..(2기가)가 다 썻다고 뜸.. 고쳐주셈...,1
1158,2020년 11월 5일,별표 5개 만점에 5개를 받았습니다.,좋아욤 ~ ^^,1
1159,2020년 11월 5일,별표 5개 만점에 5개를 받았습니다.,좋아,1
1160,2020년 11월 5일,별표 5개 만점에 1개를 받았습니다.,앱 다운로드 하루종일 하고 있어요,0
1161,2020년 11월 5일,별표 5개 만점에 5개를 받았습니다.,좋아요~~,1
1162,2020년 11월 5일,별표 5개 만점에 3개를 받았습니다.,사용하기는 편한데 데이터가 잘 터지지않아 불편합니다.,1
1163,2020년 11월 5일,별표 5개 만점에 1개를 받았습니다.,진짜 별로네요 미납요금을결제하고 몇일이 지나도 어플에서는 미납요금 바뀌지 않네요,0
1164,2020년 11월 5일,별표 5개 만점에 5개를 받았습니다.,좋아요,1
1165,2020년 11월 5일,별표 5개 만점에 1개를 받았습니다.,계속로딩만하고 답답하다!,0
1166,2020년 11월 5일,별표 5개 만점에 4개를 받았습니다.,통신사 어플 치고는 그럭저럭 괜찮습니다,1
1167,2020년 11월 5일,별표 5개 만점에 2개를 받았습니다.,없음,0
1168,2020년 11월 5일,별표 5개 만점에 4개를 받았습니다.,잘사용하고있어요,1
1169,2020년 11월 5일,별표 5개 만점에 5개를 받았습니다.,알기십게 잘됨.,1
1170,2020년 11월 5일,별표 5개 만점에 1개를 받았습니다.,Lg왜씀 ㅠ,0
1171,2020년 11월 5일,별표 5개 만점에 5개를 받았습니다.,좋아구료ㅡㅡㅡ,1
1172,2020년 11월 5일,별표 5개 만점에 5개를 받았습니다.,구씨노,1
1173,2020년 11월 5일,별표 5개 만점에 4개를 받았습니다.,터치가 안될때 있어요,1
1174,2020년 11월 5일,별표 5개 만점에 1개를 받았습니다.,"원래 앱 관련 리뷰 잘 안 남기는데 업데이트 이후로 정말 끔찍한 기분이 되어서 리뷰 남기러 왔음. 우선 챗봇을 개선했다고 하는데, 도리어 더 퇴행했음. 분명히 UI는 개선되고, 디자인은 직관적이며, 글자는 더 커져서 보기 좋아진 건 사실이나, 내가 속이 터지는 건 업데이트 전보다 더 발암이 되었다는 사실임! 원래도 말귀를 좀 못알아듣는 편이었는데! 그래서 업데이트 이후 들어가 항상 하던 작업인 다음 달 요금, 즉 실시간 요금 조회를 하려고 하니 자꾸 이번 달 청구 금액은 10~17일날 나와요, 지난 달 청구 금액 보실래요? 이래서 개빡쳤음. 그래서 실시간 청구 요금으로 치니 바로 안 나오고 서비스 선택해서 보라 하대? 좀 빡쳤지만 납득하고 들어가니 갑자기 내 가입 정보를 보여주는 거임. 아니, 나는 내 다음 달 요금이 알고 싶다고! 저거 말고! 아무리 해도 찾을 수 없어서 결국 포기하고 빡쳐서 리뷰 쓰러왔음. 어째 업데이트 전보다 퇴행되서 더 빡침. 개선 안되면 자주 쓸 의향 없음.",0
1175,2020년 11월 5일,별표 5개 만점에 5개를 받았습니다.,편하고 좋네요 역쉬 1등ㅋㅋㅋㅋ 가족할인 대박입니다.,1
1176,2020년 11월 5일,별표 5개 만점에 5개를 받았습니다.,좋아요좋아,1
1177,2020년 11월 5일,별표 5개 만점에 5개를 받았습니다.,좋아요~^^,1
1178,2020년 11월 5일,별표 5개 만점에 1개를 받았습니다.,이란 계산하는데 강제 업데이트?,0
1179,2020년 11월 5일,별표 5개 만점에 1개를 받았습니다.,네트워크설정 5G 우선으로해도 LTE를 90% 쓰게하는 유플 5G가 아직 완전히 구축이 안되있다고 답변줬는데 그러면서 유플은 5G를 개통했다는거는 통신망구축할때까지 5G 요금제내면서 LTE나 쳐 쓰고있어라 이런건가? 근데 5G 요금은 비싸게 받음? 통신망 구축도안되있으면서?,0
1180,2020년 11월 5일,별표 5개 만점에 1개를 받았습니다.,응 약정끝나면 손절할거야~,0
1181,2020년 11월 5일,별표 5개 만점에 5개를 받았습니다.,조아요,1
1182,2020년 11월 5일,별표 5개 만점에 5개를 받았습니다.,좋아요,1
1183,2020년 11월 5일,별표 5개 만점에 4개를 받았습니다.,K.,1
1184,2020년 11월 5일,별표 5개 만점에 1개를 받았습니다.,로딩늦음,0
1185,2020년 11월 5일,별표 5개 만점에 5개를 받았습니다.,항상 쓰고 있습니다^^,1
1186,2020년 11월 5일,별표 5개 만점에 5개를 받았습니다.,느려요,1
1187,2020년 11월 5일,별표 5개 만점에 1개를 받았습니다.,별로...,0
1188,2020년 11월 5일,별표 5개 만점에 5개를 받았습니다.,편해요,1
1189,2020년 11월 5일,별표 5개 만점에 3개를 받았습니다.,요금이비싼편입니다.,1
1190,2020년 11월 5일,별표 5개 만점에 5개를 받았습니다.,그냥만족,1
1191,2020년 11월 5일,별표 5개 만점에 4개를 받았습니다.,좋아요,1
1192,2020년 11월 5일,별표 5개 만점에 3개를 받았습니다.,업데이트 너무 자주합니다,1
1193,2020년 11월 5일,별표 5개 만점에 5개를 받았습니다.,실시간사용량을 그때마다 알수있어요,1
1194,2020년 11월 5일,별표 5개 만점에 5개를 받았습니다.,굿,1
1195,2020년 11월 5일,별표 5개 만점에 5개를 받았습니다.,👍🏻,1
1196,2020년 11월 5일,별표 5개 만점에 4개를 받았습니다.,편리함,1
1197,2020년 11월 5일,별표 5개 만점에 1개를 받았습니다.,별루,0
1198,2020년 11월 5일,별표 5개 만점에 5개를 받았습니다.,좋아요,1
1199,2020년 11월 5일,별표 5개 만점에 5개를 받았습니다.,굳.,1
1200,2020년 11월 4일,별표 5개 만점에 5개를 받았습니다.,편의성 양호,1
1201,2020년 11월 4일,별표 5개 만점에 4개를 받았습니다.,죠아요,1
1202,2020년 11월 4일,별표 5개 만점에 5개를 받았습니다.,네좋아요,1
1203,2020년 11월 4일,별표 5개 만점에 3개를 받았습니다.,Next screen이 늦음 화면 창이 너무 늦게 오픈됨,1
1204,2020년 11월 4일,별표 5개 만점에 5개를 받았습니다.,조아요,1
1205,2020년 11월 4일,별표 5개 만점에 1개를 받았습니다.,기기는lg인데 유심은sk모빙선불유심 입니다. 사용안함으로설정해도 업데이트는 계속뜨는데 안뜨게할방법은 없나요?,0
1206,2020년 11월 4일,별표 5개 만점에 1개를 받았습니다.,말로만 5g 역 한칸한칸마다 끊김 핸드폰 집어 던지고 싶음 할인이 많이 되어 처음으로 갈아탔는데 이런식으로 서비스되면 다시는 엘지통신 안씀,0
1207,2020년 11월 4일,별표 5개 만점에 1개를 받았습니다.,"1호선 전철 금정역~병점역 KT, SK는 뜨는데 U+는 없네요. 돈 벌어서 뭐하나~~~",0
1208,2020년 11월 4일,별표 5개 만점에 4개를 받았습니다.,감사요,1
1209,2020년 11월 4일,별표 5개 만점에 1개를 받았습니다.,너무 시간이 오래 걸린다,0
1210,2020년 11월 4일,별표 5개 만점에 5개를 받았습니다.,굿,1
1211,2020년 11월 4일,별표 5개 만점에 5개를 받았습니다.,쓰기 편해요.,1
1212,2020년 11월 4일,별표 5개 만점에 1개를 받았습니다.,응답속도 느리고 ui별로고 업데이트 오류 자주나고,0
1213,2020년 11월 4일,별표 5개 만점에 5개를 받았습니다.,빠르다 믿음이간다,1
1214,2020년 11월 4일,별표 5개 만점에 1개를 받았습니다.,5G나 먼저 잘했으면....,0
1215,2020년 11월 4일,별표 5개 만점에 1개를 받았습니다.,느리고 구림,0
1216,2020년 11월 4일,별표 5개 만점에 1개를 받았습니다.,Kt sk 앱 반도 못따라오는 수준. 광고문자는 엄청오고 놀랬다 lg. 다신 사용하나보자 7달남았네,0
1217,2020년 11월 4일,별표 5개 만점에 5개를 받았습니다.,good,1
1218,2020년 11월 4일,별표 5개 만점에 1개를 받았습니다.,이건 고객센터 앱이 이렇게 느려터저서 참나 이런 고객센터 앱은 처음입니다 버벅거리고ㅠ,0
1219,2020년 11월 4일,별표 5개 만점에 5개를 받았습니다.,좋아요!,1
1220,2020년 11월 4일,별표 5개 만점에 5개를 받았습니다.,U+고객센터,1
1221,2020년 11월 3일,별표 5개 만점에 1개를 받았습니다.,한번 고객센터 들어가는데 세시간 걸려도 안들어가지고 당장내일 kt로 바꿔야 겠다 핸폰도 30개월을 할부한줄알았는데 36개월 로 해놓고 사기꾼 집단,0
1222,2020년 11월 2일,별표 5개 만점에 1개를 받았습니다.,"데이터 자주 끊기고, 공용 와이파이 연결 안되고. 솔직히 요즘 유플은 가족들이 쓰고 있어서 반강제로 쓰고 있네요. 여러분 유플러스 쓰지 마세요.",0
1223,2020년 11월 2일,별표 5개 만점에 5개를 받았습니다.,보기편해요.,1
1224,2020년 10월 31일,별표 5개 만점에 5개를 받았습니다.,사용하기아주~조아요😘😘😘,1
1225,2020년 10월 31일,별표 5개 만점에 5개를 받았습니다.,최고입니다.,1
1226,2020년 10월 31일,별표 5개 만점에 5개를 받았습니다.,좋아요,1
1227,2020년 10월 31일,별표 5개 만점에 1개를 받았습니다.,삭제하게 해줘,0
1228,2020년 10월 30일,별표 5개 만점에 1개를 받았습니다.,???? 왜 앱이 안열리나요??? 앱 열면 바로 도로 닫혀요 지스스로. 링크눌러도 닫히고 앱으로 눌러도 닫혀요 머 어찌라고요,0
1229,2020년 10월 30일,별표 5개 만점에 5개를 받았습니다.,테팔 ㄱ 2,1
1230,2020년 10월 30일,별표 5개 만점에 4개를 받았습니다.,좋아요.,1
1231,2020년 10월 29일,별표 5개 만점에 5개를 받았습니다.,업데이트베타해주세요,1
1232,2020년 10월 28일,별표 5개 만점에 5개를 받았습니다.,친절하고 빠른서비스 좋네요~~^^,1
1233,2020년 10월 28일,별표 5개 만점에 5개를 받았습니다.,조타,1
1234,2020년 10월 27일,별표 5개 만점에 2개를 받았습니다.,느려,0
1235,2020년 10월 27일,별표 5개 만점에 1개를 받았습니다.,왜 이게 안 깔리지???,0
1236,2020년 10월 27일,별표 5개 만점에 1개를 받았습니다.,원래대로 업데이트 해주세요 차단해제 눌렸는데 충전하려고 하는데 차단 해제 하라고 떠요,0
1237,2020년 10월 27일,별표 5개 만점에 5개를 받았습니다.,괜찮은거 같아요,1
1238,2020년 10월 26일,별표 5개 만점에 5개를 받았습니다.,🐦🐦🐦🐦🐦🐦,1
1239,2020년 10월 26일,별표 5개 만점에 5개를 받았습니다.,좋아요,1
1240,2020년 10월 25일,별표 5개 만점에 4개를 받았습니다.,힘들어요 전 한국사람 이고 한국에 있는데 외국 까지 죄송합니다,1
1241,2020년 10월 25일,별표 5개 만점에 5개를 받았습니다.,아주좋아요,1
1242,2020년 10월 25일,별표 5개 만점에 1개를 받았습니다.,삭제 하게 해주세요,0
1243,2020년 10월 24일,별표 5개 만점에 1개를 받았습니다.,비싼 요금제 썻더니 호구 취급하네 데이터 무제한이라더니 속도겁나 느려졌네 통신사 바꾸던가 해야지,0
1244,2020년 10월 24일,별표 5개 만점에 5개를 받았습니다.,알어보기쉬워서아주죠아요!,1
1245,2020년 10월 23일,별표 5개 만점에 1개를 받았습니다.,초기화돼서겨우소통기능를보구했는데알랑을선저하고싶은데알람앱이없어답답함니다도와주시면감사하겠씁니다!!,0
1246,2020년 10월 23일,별표 5개 만점에 2개를 받았습니다.,폰요금한달안냈다고 폰을정지시키냐 이거이래도되나 너무하네,0
1247,2020년 10월 23일,별표 5개 만점에 5개를 받았습니다.,감사감사좋아요,1
1248,2020년 10월 22일,별표 5개 만점에 5개를 받았습니다.,조아여,1
1249,2020년 10월 22일,별표 5개 만점에 5개를 받았습니다.,고객센터,1
1250,2020년 10월 22일,별표 5개 만점에 1개를 받았습니다.,속도 제한없다고 광고하는데 예전보다 느린건 뭐지? 엘티이 속도 짜증나게 해서 5g로 갈아타게 하려는 수작이냐,0
1251,2020년 10월 21일,별표 5개 만점에 3개를 받았습니다.,좋아요,1
1252,2020년 10월 21일,별표 5개 만점에 5개를 받았습니다.,집 현관용 cctv는 없나요?유플러스 iot이용중인데 맘카말고 보안용cctv가 필요한데 고객센터앱에서보니 매장용만 있더라구요 가정용은 없나요?,1
1253,2020년 10월 21일,별표 5개 만점에 2개를 받았습니다.,요금표시가없읍니다,0
1254,2020년 10월 21일,별표 5개 만점에 4개를 받았습니다.,요금 확인하는게 너무느려요,1
1255,2020년 10월 20일,별표 5개 만점에 3개를 받았습니다.,왜사진을 허용해야 이용할수있는지ㅡ,1
1256,2020년 10월 20일,별표 5개 만점에 1개를 받았습니다.,앱 및 전산 상에는 이용동의 돼어있다뜨는데 그어느 결제를 해봐도 이용동의 고객이아니라함 심지어 고객센터마저 이용동의가 돼어있다하는데 진짜 일처리도 똑바로 못하고 뭐하는건지 ㅋㅋ,0
1257,2020년 10월 19일,별표 5개 만점에 5개를 받았습니다.,전화요금청구서,1
1258,2020년 10월 19일,별표 5개 만점에 5개를 받았습니다.,제가lg v50듀열스크린을 사용중인데 매장에 직접가지 않고 요금을 납부할수 있어서 너무좋아요,1
1259,2020년 10월 19일,별표 5개 만점에 5개를 받았습니다.,너무 좋아요 편해요,1
1260,2020년 10월 19일,별표 5개 만점에 5개를 받았습니다.,LGU플러스 고객센터 로그인풀리고 개짜증난다,1
1261,2020년 10월 19일,별표 5개 만점에 1개를 받았습니다.,코딩좀 똑바로 합시다. 무슨 로딩이 이렇게 많이 걸립니까. 쓰고싶으면 쓰고 꼬우면 쓰지 말라 이겁니까? 고객센터에서 손님 대접 이따위로 하면 안됩니다. 빨리 로딩시간에 관해서 업데이트좀 해주세요,0
1262,2020년 10월 15일,별표 5개 만점에 5개를 받았습니다.,너무좋아요,1
1263,2020년 10월 14일,별표 5개 만점에 1개를 받았습니다.,휴대폰 두대 쓰는데 하나만 연결되있고 요금상세표는 볼때마다 에러뜨고 소액해지하고싶은데 그페이지는 무조건 에러뜨고 창나가지는게 이게 뭐야,0
1264,2020년 10월 14일,별표 5개 만점에 1개를 받았습니다.,인증번호 하나 못보내는 앱. 캄보디아나 말라위 사람도 이것보단 잘만들듯 ㅋㅋㅋ 바로 통신사 갈아타야지 더러워서 진짜 pass앱은 강제로 폰에 깔아놓고 이럴때 왜안씀?,0
1265,2020년 10월 14일,별표 5개 만점에 3개를 받았습니다.,"위젯티 작동하지 않습니다. 위젯애서는 로그인 단추만 나와서 눌러 로그인 하면 앱의 메인화면이 나오지만, 위젯에서는 여전히 로그인 단추만...",1
1266,2020년 10월 14일,별표 5개 만점에 5개를 받았습니다.,요금나오는게 자세히나와잇어서 좋아요,1
1267,2020년 10월 13일,별표 5개 만점에 5개를 받았습니다.,Good,1
1268,2020년 10월 12일,별표 5개 만점에 1개를 받았습니다.,쓸때없이복잡함,0
1269,2020년 10월 12일,별표 5개 만점에 1개를 받았습니다.,좋아요,0
1270,2020년 10월 12일,별표 5개 만점에 1개를 받았습니다.,"자동이체 변경시 인증 필요한데 기본적인 문자 인증없어서 너무 불편하네요. Pass앱, i-pin 이런거 안쓰는 분들이 더 많지 않나요?",0
1271,2020년 10월 12일,별표 5개 만점에 1개를 받았습니다.,로딩중에서 안넘어감 lg여서 어쩔수없이 쓰는앱,0
1272,2020년 10월 11일,별표 5개 만점에 5개를 받았습니다.,인 생 이 모 잇 나 요 하 면 안 대 나 요 문 자 개 판 임 니 다,1
1273,2020년 10월 10일,별표 5개 만점에 5개를 받았습니다.,야이 미친 것들아.삭제 시키는게 힘드냐,1
1274,2020년 10월 10일,별표 5개 만점에 1개를 받았습니다.,요금 납부를 한지 25일이 지나도 ㅋㅋ 반영이 안돼 발로 만든 것 같음,0
1275,2020년 10월 10일,별표 5개 만점에 3개를 받았습니다.,화면 회전기능좀ㅠ,1
1276,2020년 10월 10일,별표 5개 만점에 5개를 받았습니다.,좋아요,1
1277,2020년 10월 9일,별표 5개 만점에 2개를 받았습니다.,통신사 변경했는대 왜 앱 삭제가 안돼나요?,0
1278,2020년 10월 9일,별표 5개 만점에 2개를 받았습니다.,도움이 됩니다,0
1279,2020년 10월 9일,별표 5개 만점에 5개를 받았습니다.,이아준,1
1280,2020년 10월 8일,별표 5개 만점에 1개를 받았습니다.,또 안되네요;;;; 화면이동중이라면서 아예넘어가질 않아요 어제도 그러길래 업뎃하면 괜찮나 싶어서 업뎃했는데 똑같아요;;;; 요금확인하려는데 답답하네요 ㅉ,0
1281,2020년 10월 7일,별표 5개 만점에 1개를 받았습니다.,진짜 별 한개 준 댓글들 하고 싶은 말 그대로인데 앱 관리도 안하시나요 유플러스 사용자인데도 계속 아니라고 튕기고 해야할게 있는데 짜증나 죽는줄 알았습니다 저거 댓글이 언젠데 아직도 오류가 있나요 ㅋㅋ; 앱관리 좀 하세요,0
1282,2020년 10월 6일,별표 5개 만점에 1개를 받았습니다.,"직장의 특성상 일과시간중 휴대폰을 사용할 수 없고, 퇴근 후 통화 가능. 이전설치 신청하려니 아예 저같은 특수직은 신청 자체가 안되고, 홈피에서 이전신청 하려니 메뉴 자체가 없음. 참 개떡같은 고객서비스다. 답변보고 리뷰 수정. 이걸 답변이라고 올렷나? 한글 이해 못하시나? 일과시간중에 전화를 못하는 경우에 관해서 불편함을 토로했는데, 통화가능한 시간을 답변이랍시고 올리면.. 이게 무슨 ..장난치자는건가? 싸우자는건가?",0
1283,2020년 10월 4일,별표 5개 만점에 1개를 받았습니다.,본인아닌 사람이 개발자앱통해 사용하고 있음,0
1284,2020년 10월 3일,별표 5개 만점에 4개를 받았습니다.,감사합니다,1
1285,2020년 10월 3일,별표 5개 만점에 5개를 받았습니다.,U+여지껏 여러가지 휴대폰을 사용해 봤는데 가격에 비해 아주 만족하고 있어요 앞으로 계속 사용해도 좋다는 생각을 합니다,1
1286,2020년 10월 3일,별표 5개 만점에 2개를 받았습니다.,Lgupuls 엘티이 진짜 안되고 짜증,0
1287,2020년 10월 2일,별표 5개 만점에 1개를 받았습니다.,족같아요,0
1288,2020년 10월 2일,별표 5개 만점에 1개를 받았습니다.,보통,0
1289,2020년 10월 2일,별표 5개 만점에 5개를 받았습니다.,친절,1
1290,2020년 10월 1일,별표 5개 만점에 1개를 받았습니다.,리뷰첨쓰는데 진짜 짜증나서 씀. 무슨 사용 변경 됐다며 자꾸 핀번호 변경하래. 다섯번 반복후 결국 앱삭제 ㅡㅡ 진짜 승질 남.,0
1291,2020년 10월 1일,별표 5개 만점에 1개를 받았습니다.,아니무슨 고겍센터 들어가는데 하루종일 로딩함? 느려터져가지고 뭘써먹으라는거야 답답해죽겠네진짜,0
1292,2020년 10월 1일,별표 5개 만점에 2개를 받았습니다.,잘사용하다가 통신사 바꿔서 지움,0
